26	64	2
26	195	3
26	350	3
26	429	1
26	472	3
26	585	2
26	595	3
26	628	3
26	694	3
26	765	3
26	784	1
26	852	4
26	1020	3
26	1035	2
26	1135	4
26	1198	3
26	1201	2
26	1246	3
26	1285	3
26	1370	3
26	1703	2
26	1947	3
26	2003	2
26	2111	2
26	2146	5
26	2259	3
26	2302	3
26	2375	3
26	2392	2
26	2407	3
26	2409	4
26	2469	5
26	2473	3
26	2539	2
26	2683	1
26	3098	4
26	3173	4
26	3255	3
26	3261	5
26	3360	5
26	3426	3
26	3448	2
26	3638	2
26	3684	3
26	3686	4
26	3688	3
50	1466	3
50	3409	3
50	3510	3
58	34	4
58	66	1
58	316	4
58	353	4
58	595	4
58	695	4
58	912	5
58	969	4
58	1127	4
58	1198	5
58	1205	4
58	1213	5
58	1225	5
58	1246	4
58	1264	4
58	1267	5
58	1285	4
58	1294	4
58	1370	3
58	1373	2
58	1466	4
58	1580	5
58	1960	5
58	2010	5
58	2021	4
58	2034	5
58	2038	3
58	2089	3
58	2118	4
58	2184	4
58	2402	3
58	2405	2
58	2407	4
58	2408	2
58	2409	3
58	2662	5
58	2725	5
58	2744	4
58	2826	5
58	2993	4
58	3098	5
58	3160	5
58	3438	3
58	3448	3
58	3527	5
58	3593	1
58	3663	1
58	3740	4
70	43	5
70	1127	5
70	2683	4
70	2826	3
70	3510	3
70	3593	1
70	3623	3
87	585	1
87	1032	1
87	1198	4
87	1201	4
87	1785	1
87	1912	1
134	24	4
134	353	1
134	1370	3
134	1373	4
134	1580	4
134	2302	5
134	2334	4
134	3438	2
134	3593	1
134	3623	2
146	34	5
146	290	5
146	595	5
146	912	5
146	916	4
146	969	5
146	1032	4
146	1035	5
146	1135	4
146	1198	5
146	1225	4
146	1246	4
146	1267	4
146	1294	4
146	1373	1
146	1466	5
146	1566	4
146	1821	4
146	1912	5
146	1937	3
146	1947	5
146	2096	4
146	2118	3
146	2178	3
146	2405	4
146	2469	4
146	2664	5
146	2862	1
146	2993	4
146	3159	4
146	3359	5
146	3420	5
146	3424	4
146	3435	2
146	3448	3
146	3507	4
146	3510	2
146	3638	1
146	3684	3
146	3730	3
146	3740	4
146	3871	3
174	353	5
174	969	3
174	1127	3
174	1201	4
174	1370	4
174	1580	3
174	2662	4
174	3527	4
174	3638	3
174	3740	4
178	912	4
178	1035	5
178	1127	3
178	1198	4
178	1201	4
178	1370	4
178	1373	4
178	1566	3
178	1688	4
178	1947	4
178	2041	3
178	2096	4
178	2405	4
178	2407	4
178	2408	3
178	2469	3
178	2478	3
191	1693	4
191	2060	3
191	2539	5
222	1127	4
222	1198	5
222	1466	5
222	2021	4
222	3007	4
222	3438	4
238	34	5
238	279	3
238	1213	3
238	1246	4
238	1693	5
238	1949	3
238	2067	3
238	2130	3
238	2501	4
238	2725	4
238	2904	5
238	3098	4
238	3160	4
238	3255	3
238	3271	4
238	3420	4
238	3424	5
238	3730	4
246	34	3
246	585	3
246	595	4
246	2720	3
248	1198	5
248	1370	3
248	2856	5
248	3510	5
255	24	4
255	60	3
255	316	4
255	350	4
255	353	4
255	431	4
255	784	3
255	1020	4
255	1127	4
255	1194	4
255	1198	4
255	1225	5
255	1246	5
255	1370	4
255	1580	4
255	1920	4
255	2003	4
255	2021	4
255	2118	4
255	2147	3
255	2371	4
255	2375	5
255	2385	4
255	2407	4
255	2477	2
255	3098	5
255	3360	5
255	3527	4
270	969	5
270	1198	4
270	1267	4
270	1479	4
270	1931	4
270	1947	5
270	2067	5
270	2539	4
274	24	3
274	628	4
274	912	5
274	1127	4
274	1201	4
274	1225	4
274	1246	5
274	1673	5
274	2683	4
274	3004	2
274	3160	5
274	3255	5
274	3271	4
274	3359	4
274	3871	2
278	328	4
278	532	5
278	1655	4
278	2003	5
278	2118	5
278	2460	3
278	2664	5
278	2826	4
278	3662	3
278	3663	3
278	3928	5
302	18	3
302	24	2
302	34	4
302	42	3
302	181	1
302	209	2
302	257	2
302	316	3
302	350	3
302	353	2
302	374	1
302	429	3
302	504	3
302	532	1
302	585	3
302	595	2
302	663	4
302	784	3
302	785	4
302	852	3
302	912	3
302	916	5
302	1034	2
302	1035	2
302	1127	4
302	1198	5
302	1205	2
302	1267	5
302	1285	3
302	1370	3
302	1373	2
302	1459	2
302	1466	3
302	1479	2
302	1499	3
302	1580	3
302	1673	4
302	1688	2
302	1707	1
302	1866	3
302	1912	2
302	1947	3
302	2003	4
302	2034	1
302	2038	3
302	2041	2
302	2060	4
302	2184	2
302	2302	3
302	2334	2
302	2371	3
302	2375	2
302	2405	2
302	2478	3
302	2539	3
302	2683	4
302	2720	1
302	2772	3
302	2793	1
302	2826	2
302	2993	5
302	3087	4
302	3160	4
302	3173	3
302	3271	4
302	3409	3
302	3424	4
302	3438	2
302	3448	3
302	3507	3
302	3510	3
302	3527	3
302	3593	1
302	3623	4
302	3638	2
302	3669	2
302	3740	3
302	3770	1
327	722	4
327	916	2
327	969	3
327	1034	3
327	1163	3
327	1198	3
327	1213	4
327	1225	5
327	1267	4
327	1294	4
327	1912	3
327	1947	5
327	2010	5
327	2130	4
327	2664	4
327	2744	4
327	3093	2
327	3098	4
327	3360	3
327	3435	4
327	3456	3
327	3535	3
327	3730	4
327	3749	4
327	3822	4
327	3865	3
327	3894	4
334	916	4
334	1225	4
334	1947	4
334	2067	5
334	2259	3
334	2405	3
372	1020	5
372	1127	5
372	1198	5
372	1373	5
372	1580	5
372	1702	5
372	2003	5
372	2421	5
372	2501	5
372	2514	3
372	2720	3
372	2793	5
372	3000	1
372	3004	5
372	3255	5
412	34	5
412	595	4
412	785	3
412	912	5
412	969	5
412	987	3
412	1035	3
412	1127	5
412	1198	5
412	1201	5
412	1223	5
412	1225	5
412	1246	5
412	1264	4
412	1267	4
412	1294	5
412	1365	3
412	1370	3
412	1395	5
412	1580	4
412	1733	4
412	2021	3
412	2067	5
412	2111	4
412	2146	3
412	2184	5
412	2302	5
412	2371	4
412	2405	3
412	2407	5
412	2469	4
412	2478	4
412	2535	3
412	2539	3
412	2862	2
412	3087	5
412	3098	4
412	3167	3
412	3235	5
412	3359	5
412	3360	5
412	3420	5
412	3448	4
412	3527	5
412	3538	4
412	3566	4
412	3638	5
412	3684	4
414	912	5
414	1201	3
414	1267	4
414	1960	2
414	3566	2
416	24	4
416	86	4
416	1127	3
416	1198	3
416	3623	4
449	2021	2
449	2664	4
449	3535	2
454	532	4
454	570	3
454	595	1
454	663	5
454	784	5
454	1198	3
454	1213	5
454	1285	4
454	1370	1
454	1441	3
454	1450	5
454	1484	5
454	1566	1
454	2003	3
454	2111	3
454	2371	4
454	2375	4
454	2405	1
454	2478	4
454	2683	2
454	2826	1
454	3087	3
454	3160	5
454	3173	1
454	3409	1
454	3527	3
454	3535	4
454	3623	2
454	3740	4
487	34	5
487	969	5
487	1035	5
487	1580	2
487	1727	3
487	1947	4
487	2683	3
489	1198	4
489	3456	1
499	372	3
499	852	3
499	969	5
499	1020	4
499	1135	4
499	1198	5
499	1225	4
499	1246	4
499	1264	5
499	1693	5
499	1727	4
499	1947	5
499	2067	4
499	2146	4
499	2405	5
499	3004	3
499	3271	4
499	3359	3
545	24	4
545	2392	3
545	2683	4
545	2720	2
564	912	5
564	1035	5
564	2067	5
564	3435	4
569	54	3
569	351	4
569	374	3
569	429	3
569	532	2
569	728	4
569	1020	5
569	1580	4
569	1707	4
569	2392	3
569	2720	3
569	2793	3
569	2888	5
569	3477	3
569	3593	3
569	3623	3
570	24	4
570	27	4
570	34	4
570	209	2
570	350	3
570	353	4
570	372	3
570	431	4
570	451	3
570	595	4
570	697	3
570	1032	2
570	1213	4
570	1441	3
570	1479	2
570	1673	3
570	1688	3
570	1693	2
570	1836	2
570	1920	2
570	2089	3
570	2096	4
570	3160	4
570	3173	4
570	3261	2
570	3477	4
570	3510	3
580	1205	1
580	1289	3
580	1960	4
580	2402	3
580	2816	1
580	3448	5
601	18	3
601	353	3
601	372	3
601	532	4
601	595	2
601	785	3
601	1198	5
601	1205	2
601	1246	4
601	1267	4
601	1285	3
601	1466	3
601	1673	5
601	1947	2
601	2003	2
601	2021	3
601	2302	3
601	2375	2
601	2407	2
601	2421	1
601	2469	3
601	2478	3
601	2683	3
601	2772	4
601	2826	3
601	3160	5
601	3261	3
601	3438	2
601	3535	4
601	3740	2
605	34	4
605	585	2
605	852	4
605	1127	4
605	1566	4
605	1580	5
605	2683	2
605	2826	4
605	3173	1
605	3510	5
616	1035	4
616	1466	3
616	1580	4
616	1673	4
616	3160	4
619	916	3
619	1294	3
619	3623	2
619	3871	3
659	34	4
659	350	3
659	1213	5
659	1960	3
659	2146	3
659	2147	3
659	2302	4
659	2421	3
659	2501	4
659	3098	4
659	3271	5
659	3360	4
659	3684	3
663	316	4
663	1198	5
663	1370	4
663	1479	4
663	1499	3
663	1973	4
663	2003	4
663	2793	4
694	2600	4
694	2826	4
694	3160	3
696	34	4
696	316	1
696	532	3
696	595	4
696	728	4
696	912	5
696	1034	4
696	1127	4
696	1135	4
696	1198	4
696	1201	5
696	1213	5
696	1223	3
696	1225	5
696	1243	5
696	1246	4
696	1285	5
696	1294	4
696	1370	3
696	1373	1
696	1395	5
696	1580	3
696	1912	3
696	2021	3
696	2111	4
696	2184	3
696	2469	4
696	2662	4
696	2683	3
696	3000	3
696	3098	4
696	3160	4
696	3173	3
696	3359	5
696	3424	5
696	3448	3
696	3510	4
696	3527	4
696	3623	3
696	3638	2
696	3684	2
696	3730	5
696	3740	4
696	3770	4
700	1267	5
700	3435	4
705	595	5
705	1566	3
705	1580	4
705	1673	3
705	1688	3
705	1920	4
705	2021	1
705	2460	3
705	2664	4
705	3000	5
705	3159	4
705	3409	3
705	3438	3
705	3535	3
705	3593	1
705	3623	3
716	316	4
716	353	4
716	504	4
716	595	5
716	628	5
716	784	5
716	912	5
716	1032	4
716	1127	4
716	1198	4
716	1201	5
716	1205	5
716	1213	5
716	1370	4
716	1479	5
716	1566	3
716	1580	3
716	1866	5
716	1912	5
716	2021	5
716	2089	4
716	2096	4
716	2334	3
716	2826	5
716	2993	4
716	3438	4
716	3448	4
716	3527	5
716	3535	5
741	532	5
741	1973	4
741	2003	4
741	2793	3
741	3535	5
754	34	3
754	350	5
754	628	5
754	912	4
754	969	4
754	1127	5
754	1198	4
754	2392	1
754	2501	5
754	2826	4
754	2856	3
754	3004	3
754	3173	3
754	3271	4
754	3435	4
754	3510	5
754	3623	4
754	3865	1
819	1580	3
819	1912	4
819	3623	4
829	912	5
829	969	4
829	1198	4
829	1213	5
829	1223	4
829	1225	5
829	1580	4
829	3359	4
829	3424	5
829	3435	5
829	3730	5
837	34	4
837	1201	2
837	1213	4
837	1267	2
837	2726	3
837	3435	2
840	34	5
840	148	1
840	532	4
840	595	5
840	912	5
840	1032	5
840	1035	3
840	1198	5
840	1213	4
840	1223	5
840	1225	5
840	1246	3
840	2040	4
840	2096	5
840	2302	5
840	2683	5
840	3159	5
840	3255	5
840	3448	4
866	1566	3
866	3510	5
866	3623	4
883	1198	5
883	1673	1
883	3124	4
883	3160	3
883	3173	3
883	3623	4
903	695	3
903	785	4
903	2434	2
903	2475	4
903	3160	3
903	3730	4
907	1267	4
912	1673	5
912	3160	4
912	3566	4
914	912	4
914	969	3
914	1198	5
914	1213	4
914	1225	5
914	1267	5
914	3730	1
918	34	5
918	316	4
918	350	4
918	374	3
918	852	3
918	1020	4
918	1370	2
918	1479	2
918	1499	1
918	1580	4
918	1673	1
918	1727	3
918	2501	5
918	2683	1
918	3255	4
919	353	4
919	372	4
919	912	5
919	969	4
919	1035	5
919	1127	3
919	1135	4
919	1198	5
919	1213	4
919	1225	4
919	1246	4
919	1285	5
919	1395	4
919	1441	4
919	1580	4
919	1836	4
919	1943	4
919	1947	5
919	2003	3
919	2067	5
919	2240	4
919	2371	3
919	2375	1
919	2407	3
919	2469	5
919	2664	4
919	2725	4
919	3098	4
919	3424	4
919	3426	4
919	3448	4
919	3535	4
919	3538	4
919	3638	4
919	3684	1
919	3928	4
921	34	4
921	1035	2
921	1127	3
921	1198	5
921	1213	4
921	1225	5
921	1243	3
921	1580	4
921	1673	5
921	1960	4
921	2371	2
921	3098	3
921	3173	4
921	3448	4
921	3527	4
926	585	3
926	595	3
926	1032	3
926	1035	5
926	1127	5
926	1198	5
926	1580	5
926	1947	5
926	2683	5
926	2720	4
926	3623	4
971	42	2
971	316	3
971	328	2
971	1127	4
971	1198	5
971	1213	5
971	1373	1
971	1466	5
971	1580	4
971	1912	3
971	1920	4
971	2003	4
971	2021	3
971	2041	4
971	2405	3
971	2600	3
971	2826	3
971	3000	4
971	3438	4
971	3527	5
971	3535	3
971	3770	3
993	665	3
993	1960	3
993	3409	2
993	3535	3
993	3623	2
993	3761	3
1001	595	5
1001	1198	4
1001	1479	1
1001	1566	4
1001	1580	4
1001	1673	5
1001	1688	4
1001	1794	4
1001	1821	4
1001	1836	4
1001	1912	4
1001	2385	2
1001	2392	2
1001	2539	2
1001	2544	3
1001	2600	5
1001	2683	2
1001	2720	2
1001	2725	5
1001	2894	3
1001	3000	5
1001	3159	4
1001	3160	5
1001	3173	4
1001	3409	3
1001	3510	4
1001	3535	4
1001	3538	4
1001	3566	4
1001	3623	2
1001	3822	5
1001	3915	4
1001	3950	4
1054	34	5
1054	54	4
1054	181	2
1054	374	4
1054	585	2
1054	1198	5
1054	1223	4
1054	1499	1
1054	1566	3
1054	1580	5
1054	1702	2
1054	1707	4
1054	2302	5
1054	2720	4
1054	3438	3
1054	3623	5
1058	316	4
1058	1127	3
1058	1198	4
1058	1201	3
1058	1213	5
1058	1225	4
1058	1370	3
1058	1441	4
1058	1580	4
1058	1673	5
1058	2021	5
1058	2034	3
1058	2041	3
1058	2147	3
1058	2407	4
1058	2600	5
1058	2662	4
1058	2664	3
1058	2683	4
1058	2826	2
1058	3000	4
1058	3007	4
1058	3098	3
1058	3160	5
1058	3271	4
1058	3510	4
1058	3527	4
1058	3566	4
1058	3593	2
1058	3623	3
1058	3730	5
1058	3740	4
1058	3770	3
1075	912	5
1075	1267	5
1075	3007	4
1075	3435	3
1075	3730	4
1102	34	1
1102	1693	1
1117	18	4
1117	257	3
1117	350	3
1117	353	4
1117	372	4
1117	374	1
1117	431	4
1117	585	3
1117	595	4
1117	784	4
1117	852	4
1117	912	5
1117	916	4
1117	1020	3
1117	1032	4
1117	1127	4
1117	1198	5
1117	1213	5
1117	1223	5
1117	1225	4
1117	1243	5
1117	1246	4
1117	1264	3
1117	1285	5
1117	1370	4
1117	1373	2
1117	1441	4
1117	1459	3
1117	1466	3
1117	1580	4
1117	1673	5
1117	1693	2
1117	1727	3
1117	1836	2
1117	1912	3
1117	1920	3
1117	1947	4
1117	1973	1
1117	2003	4
1117	2021	4
1117	2048	4
1117	2060	3
1117	2096	4
1117	2184	4
1117	2302	4
1117	2376	3
1117	2405	4
1117	2407	3
1117	2421	2
1117	2478	5
1117	2514	2
1117	2539	4
1117	2683	4
1117	2793	2
1117	2826	4
1117	2993	5
1117	3087	4
1117	3098	4
1117	3160	5
1117	3173	2
1117	3255	3
1117	3261	4
1117	3271	3
1117	3435	5
1117	3448	4
1117	3477	4
1117	3527	4
1117	3535	2
1117	3566	4
1117	3623	4
1117	3686	4
1117	3740	4
1117	3770	4
1154	640	1
1154	1032	5
1154	2826	3
1154	3043	1
1162	34	4
1162	912	4
1162	969	4
1162	1213	3
1162	1225	3
1162	1294	4
1162	1370	1
1162	1466	3
1162	2130	4
1162	2469	3
1162	3093	4
1162	3271	4
1162	3426	3
1162	3435	4
1162	3684	4
1162	3871	3
1193	42	1
1193	585	3
1193	595	4
1193	765	3
1193	785	2
1193	852	3
1193	991	4
1193	1020	4
1193	1127	5
1193	1370	3
1193	1479	3
1193	1566	2
1193	1580	2
1193	1667	2
1193	1866	3
1193	1912	3
1193	2003	2
1193	2136	2
1193	2302	2
1193	2334	2
1193	2405	2
1193	2478	4
1193	2539	2
1193	2683	2
1193	2826	1
1193	3087	3
1193	3160	1
1193	3255	3
1193	3409	1
1193	3424	2
1193	3438	2
1193	3448	4
1193	3510	4
1193	3623	3
1193	3740	4
1233	969	5
1233	1032	5
1233	1127	5
1233	1225	5
1233	1459	3
1233	1693	4
1233	2439	4
1233	2475	5
1233	2664	3
1233	2826	4
1233	3007	5
1233	3420	4
1233	3535	4
1235	372	4
1235	3160	4
1255	24	2
1255	34	5
1255	351	4
1255	372	4
1255	1127	4
1255	1246	4
1255	1264	5
1255	1580	4
1255	1673	5
1255	1693	3
1255	1794	3
1255	2240	4
1255	2434	5
1255	2600	1
1255	3160	5
1255	3255	3
1255	3261	3
1255	3448	4
1255	3510	4
1255	3535	2
1260	347	3
1260	350	4
1260	431	4
1260	628	4
1260	912	4
1260	969	4
1260	1127	4
1260	1135	4
1260	1198	5
1260	1201	4
1260	1213	5
1260	1223	4
1260	1246	4
1260	1285	4
1260	1294	4
1260	1459	3
1260	1466	4
1260	1580	4
1260	1673	4
1260	1785	3
1260	1794	3
1260	1912	4
1260	1960	3
1260	2003	3
1260	2021	2
1260	2118	4
1260	2240	4
1260	2334	4
1260	2371	3
1260	2407	4
1260	2539	3
1260	2664	4
1260	2993	4
1260	3087	3
1260	3098	4
1260	3160	5
1260	3173	3
1260	3359	4
1260	3360	5
1260	3448	4
1260	3527	3
1260	3623	3
1260	3684	3
1260	3730	3
1260	3770	3
1297	18	4
1297	24	3
1297	350	3
1297	372	4
1297	429	3
1297	532	5
1297	663	1
1297	697	3
1297	784	3
1297	785	4
1297	833	1
1297	1032	4
1297	1127	3
1297	1213	5
1297	1223	5
1297	1243	4
1297	1370	3
1297	1373	1
1297	1441	4
1297	1466	4
1297	1580	3
1297	1673	5
1297	1707	2
1297	2021	4
1297	2034	4
1297	2038	1
1297	2096	4
1297	2302	3
1297	2407	3
1297	2662	3
1297	2683	4
1297	2726	5
1297	2772	2
1297	2859	5
1297	3043	1
1297	3160	5
1297	3255	2
1297	3261	4
1297	3477	3
1297	3527	3
1297	3535	4
1297	3638	2
1297	3669	3
1297	3686	3
1297	3928	2
1314	60	3
1314	126	1
1314	374	1
1314	595	1
1314	888	4
1314	916	4
1314	1032	1
1314	1246	5
1314	1373	3
1314	1566	1
1314	1580	5
1314	1688	5
1314	1702	1
1314	1707	1
1314	1947	5
1314	2003	3
1314	2048	1
1314	2089	1
1314	2096	1
1314	2162	1
1314	2501	5
1314	2720	1
1314	3004	4
1314	3159	1
1314	3409	5
1325	34	4
1325	595	5
1325	916	4
1325	969	4
1325	1032	3
1325	1035	4
1325	1127	4
1325	1198	5
1325	1201	4
1325	1213	4
1325	1223	5
1325	1243	3
1325	1264	4
1325	1267	5
1325	1294	4
1325	1373	1
1325	1566	4
1325	1580	4
1325	1912	3
1325	1947	5
1325	2048	3
1325	2089	3
1325	2096	3
1325	2409	4
1325	3159	3
1325	3160	2
1325	3424	4
1325	3435	4
1325	3510	4
1325	3730	4
1348	34	4
1348	54	4
1348	60	4
1348	595	4
1348	912	5
1348	969	5
1348	1032	3
1348	1035	5
1348	1580	4
1348	1688	4
1348	2048	4
1348	2089	3
1348	2096	4
1348	2876	4
1348	3098	4
1348	3159	4
1380	34	3
1380	60	3
1380	316	4
1380	353	5
1380	694	3
1380	1127	4
1380	1198	4
1380	1205	5
1380	1479	2
1380	1495	2
1380	1566	3
1380	1580	5
1380	1688	3
1380	1707	1
1380	1912	3
1380	1920	3
1380	2021	3
1380	2089	3
1380	2422	3
1380	2501	4
1380	2539	4
1380	2826	3
1380	3000	5
1380	3159	4
1380	3438	4
1380	3593	1
1380	3623	4
1380	3638	4
1380	3669	4
1404	34	4
1404	372	1
1404	585	2
1404	784	2
1404	852	3
1404	1223	5
1404	1285	4
1404	1294	2
1404	1441	2
1404	1580	3
1404	1920	2
1404	2003	3
1404	2067	2
1404	2095	1
1404	2111	3
1404	2302	3
1404	2371	2
1404	2402	1
1404	2405	2
1404	2407	3
1404	2469	2
1404	2539	2
1404	2662	3
1404	2683	3
1404	2772	1
1404	2793	2
1404	3087	3
1404	3160	5
1404	3255	3
1404	3424	3
1404	3435	5
1404	3448	3
1404	3507	4
1404	3822	5
1412	2683	1
1414	316	4
1414	353	3
1414	694	3
1414	990	4
1414	1205	5
1414	1370	5
1414	1580	3
1414	2334	3
1414	2720	1
1414	2826	3
1456	1370	3
1456	3160	5
1457	34	3
1457	595	4
1457	628	5
1457	663	3
1457	912	4
1457	969	3
1457	1035	5
1457	1127	5
1457	1225	4
1457	1243	4
1457	1246	5
1457	1294	5
1457	1466	4
1457	1580	3
1457	1693	5
1457	2302	4
1457	2539	3
1457	3098	4
1457	3160	4
1457	3255	5
1457	3261	4
1457	3360	5
1457	3424	5
1457	3426	4
1457	3448	4
1457	3510	5
1457	3535	3
1457	3684	4
1457	3871	4
1465	24	2
1465	34	2
1465	86	5
1465	694	2
1465	912	5
1465	969	5
1465	982	4
1465	1020	1
1465	1035	5
1465	1127	4
1465	1135	3
1465	1181	3
1465	1194	5
1465	1198	5
1465	1213	4
1465	1225	4
1465	1246	5
1465	1267	4
1465	1294	5
1465	1373	5
1465	1580	2
1465	1727	4
1465	1931	5
1465	1947	5
1465	1949	4
1465	1960	5
1465	2021	4
1465	2034	4
1465	2067	5
1465	2130	4
1465	2146	4
1465	2147	3
1465	2375	3
1465	2376	4
1465	2402	3
1465	2407	4
1465	2409	4
1465	2421	2
1465	2422	2
1465	2501	3
1465	2535	3
1465	2662	5
1465	2669	4
1465	2816	2
1465	2862	2
1465	2993	4
1465	3073	4
1465	3098	4
1465	3255	3
1465	3271	4
1465	3448	5
1465	3507	5
1465	3527	4
1465	3634	4
1465	3638	4
1465	3686	3
1465	3871	4
1478	595	5
1478	1213	5
1478	3456	5
1478	3915	3
1484	34	4
1484	99	4
1484	263	4
1484	431	4
1484	585	3
1484	632	5
1484	663	3
1484	728	4
1484	991	3
1484	1169	4
1484	1198	4
1484	1213	5
1484	1223	4
1484	1225	5
1484	1243	4
1484	1365	4
1484	1466	4
1484	1580	4
1484	1673	5
1484	1693	2
1484	1912	4
1484	2302	4
1484	2600	2
1484	2683	3
1484	3000	4
1484	3160	5
1484	3255	4
1484	3527	3
1484	3593	1
1484	3730	4
1495	24	2
1495	34	5
1495	60	3
1495	181	1
1495	316	3
1495	595	3
1495	888	1
1495	1032	3
1495	1223	4
1495	1566	2
1495	1580	2
1495	1673	3
1495	1920	2
1495	2032	2
1495	2040	2
1495	2048	2
1495	2089	1
1495	2096	2
1495	3000	5
1495	3160	5
1495	3438	2
1495	3865	4
1509	24	2
1509	316	4
1509	595	3
1509	663	4
1509	695	3
1509	1370	2
1509	1479	4
1509	1499	1
1509	1580	3
1509	1673	4
1509	1920	2
1509	1973	2
1509	2302	5
1509	2334	1
1509	3000	4
1509	3159	4
1509	3160	3
1509	3173	2
1509	3409	3
1509	3510	2
1509	3527	3
1509	3535	2
1509	3566	3
1509	3623	2
1509	3662	2
1511	595	5
1511	912	4
1511	969	4
1511	1198	5
1511	1225	5
1511	1294	3
1511	1947	5
1511	2067	5
1511	2184	3
1511	3360	3
1511	3730	5
1520	1580	4
1520	1673	3
1520	3510	4
1528	785	5
1528	1127	3
1528	1198	5
1528	2041	5
1528	2720	2
1528	3160	3
1558	1198	5
1562	532	4
1562	1973	4
1562	2514	2
1564	42	2
1564	1370	4
1564	1580	5
1564	1785	3
1564	1912	4
1564	3438	1
1564	3623	2
1564	3915	3
1572	86	4
1572	1441	3
1572	2392	3
1572	2683	5
1574	595	5
1574	912	3
1574	1194	5
1574	1294	5
1574	2040	4
1583	24	3
1583	1243	5
1583	2600	3
1583	2683	3
1583	2826	4
1588	34	5
1588	1294	5
1588	3160	2
1588	3507	5
1588	3510	4
1605	27	4
1605	34	4
1605	43	4
1605	86	4
1605	148	2
1605	181	3
1605	195	3
1605	279	4
1605	290	5
1605	305	2
1605	316	3
1605	328	2
1605	350	3
1605	351	4
1605	353	4
1605	358	3
1605	372	4
1605	429	1
1605	472	3
1605	585	3
1605	595	4
1605	703	2
1605	728	4
1605	852	3
1605	912	4
1605	916	4
1605	991	4
1605	1020	4
1605	1032	4
1605	1035	5
1605	1127	3
1605	1135	4
1605	1198	4
1605	1223	4
1605	1243	4
1605	1246	4
1605	1285	3
1605	1441	4
1605	1479	3
1605	1484	3
1605	1566	3
1605	1580	3
1605	1673	4
1605	1693	4
1605	1702	3
1605	1727	3
1605	1733	3
1605	1821	4
1605	1836	2
1605	1943	5
1605	2003	3
1605	2048	3
1605	2089	3
1605	2095	3
1605	2096	4
1605	2146	3
1605	2162	1
1605	2240	3
1605	2302	3
1605	2375	2
1605	2405	3
1605	2407	3
1605	2408	3
1605	2421	4
1605	2422	2
1605	2439	2
1605	2473	3
1605	2478	3
1605	2501	4
1605	2539	4
1605	2600	4
1605	2683	4
1605	2793	3
1605	2826	3
1605	2888	3
1605	3000	3
1605	3087	3
1605	3160	4
1605	3255	4
1605	3261	3
1605	3359	4
1605	3360	3
1605	3409	3
1605	3424	3
1605	3438	3
1605	3448	4
1605	3477	4
1605	3510	4
1605	3535	4
1605	3669	2
1605	3686	2
1605	3774	2
1605	3865	3
1619	912	5
1619	1225	3
1619	1949	5
1619	3360	4
1619	3871	5
1652	1035	4
1652	1673	3
1652	3173	2
1655	34	5
1655	86	3
1655	595	3
1655	785	5
1655	1213	5
1655	1370	4
1655	1566	3
1655	1580	3
1655	1920	3
1655	2147	3
1655	2334	3
1655	2539	4
1655	2683	3
1655	3448	4
1655	3510	3
1655	3865	4
1711	2600	4
1721	374	1
1721	429	1
1721	1198	1
1721	1580	4
1721	1702	2
1721	2003	2
1721	2111	3
1721	2302	3
1721	2392	2
1721	2720	1
1721	3087	5
1721	3669	4
1746	24	5
1746	316	4
1746	595	5
1746	1032	5
1746	1127	5
1746	1205	5
1746	1223	5
1746	1243	5
1746	1294	5
1746	1373	5
1746	1580	3
1746	1702	3
1746	1856	3
1746	1920	3
1746	2010	5
1746	2034	5
1746	2048	5
1746	2096	5
1746	2407	3
1746	2408	3
1746	2600	5
1746	2662	5
1746	2664	5
1746	2793	3
1746	3000	5
1746	3159	5
1746	3160	5
1746	3173	5
1746	3424	5
1746	3438	5
1746	3527	5
1746	3535	5
1746	3593	3
1746	3638	4
1746	3770	5
1752	34	3
1752	316	2
1752	353	4
1752	391	4
1752	595	4
1752	663	4
1752	785	4
1752	912	5
1752	969	4
1752	1034	4
1752	1035	3
1752	1127	1
1752	1201	4
1752	1213	5
1752	1267	4
1752	1285	5
1752	1289	3
1752	1294	3
1752	1370	3
1752	1373	1
1752	1466	5
1752	1499	3
1752	1580	4
1752	1673	5
1752	1693	3
1752	1794	5
1752	1912	4
1752	2003	4
1752	2021	4
1752	2376	4
1752	2405	2
1752	2409	2
1752	2422	2
1752	2600	4
1752	2816	2
1752	3000	2
1752	3160	4
1752	3409	5
1752	3435	4
1752	3448	3
1752	3527	4
1759	24	3
1759	316	4
1759	595	4
1759	784	5
1759	785	2
1759	912	4
1759	1020	3
1759	1032	3
1759	1198	5
1759	1441	4
1759	1580	4
1759	1702	4
1759	1866	5
1759	2060	4
1759	2302	3
1759	2407	4
1759	2683	4
1759	2772	3
1759	3000	5
1759	3004	4
1759	3160	4
1759	3409	5
1759	3510	4
1759	3623	4
1760	351	4
1760	1947	3
1760	2469	3
1760	2888	2
1760	3426	2
1771	1127	5
1771	1580	4
1794	316	2
1794	350	2
1794	353	3
1794	372	1
1794	628	3
1794	916	3
1794	1127	3
1794	1198	5
1794	1213	2
1794	1225	1
1794	1246	4
1794	1285	1
1794	1370	3
1794	1398	3
1794	1459	2
1794	1466	2
1794	1479	2
1794	1673	1
1794	1693	2
1794	1727	2
1794	1821	3
1794	1836	2
1794	1912	2
1794	1960	2
1794	2003	1
1794	2240	3
1794	2334	2
1794	2501	4
1794	2793	2
1794	2826	1
1794	3098	4
1794	3173	2
1794	3255	2
1794	3359	3
1794	3360	5
1794	3409	2
1794	3424	3
1794	3426	3
1794	3448	3
1794	3510	4
1794	3527	2
1794	3593	1
1794	3623	2
1794	3915	1
1816	1198	2
1816	1947	4
1816	2003	3
1816	2664	4
1819	916	2
1819	969	5
1819	1035	5
1819	1127	4
1819	1198	5
1819	1580	4
1819	1673	4
1819	1912	4
1819	2010	4
1819	2021	2
1819	3359	4
1819	3510	3
1819	3527	5
1819	3730	5
1833	1213	5
1833	1466	3
1833	1580	3
1833	1673	3
1833	1912	3
1833	2439	3
1833	3160	3
1833	3255	3
1833	3271	3
1859	912	5
1859	1201	4
1859	1949	4
1859	2662	3
1867	1267	5
1867	2302	2
1867	3160	5
1867	3535	5
1867	3538	2
1886	1580	5
1886	2298	2
1886	3409	5
1903	34	5
1903	912	5
1903	969	4
1903	1198	5
1903	1201	4
1903	1213	4
1903	1223	4
1903	1264	5
1903	1267	5
1903	1294	5
1903	1370	4
1903	1580	5
1903	1960	4
1903	2096	4
1903	2323	4
1903	2859	5
1903	2937	5
1903	3007	5
1903	3093	5
1903	3160	2
1903	3359	4
1903	3420	3
1903	3424	2
1906	1035	5
1906	1580	3
1906	1673	3
1923	1580	5
1923	1673	3
1923	1973	2
1923	3409	5
1923	3510	4
1923	3593	1
1923	3928	1
1943	34	4
1943	305	4
1943	358	3
1943	372	1
1943	429	2
1943	532	4
1943	595	4
1943	628	3
1943	663	5
1943	695	3
1943	784	4
1943	785	5
1943	833	4
1943	1020	3
1943	1034	5
1943	1198	5
1943	1201	4
1943	1213	5
1943	1223	4
1943	1246	4
1943	1267	5
1943	1285	3
1943	1294	4
1943	1370	5
1943	1459	3
1943	1466	4
1943	1479	3
1943	1580	4
1943	1673	5
1943	1688	3
1943	1693	3
1943	1785	4
1943	1836	4
1943	1856	3
1943	1866	4
1943	1912	5
1943	1947	4
1943	1973	1
1943	2003	4
1943	2048	5
1943	2060	3
1943	2111	4
1943	2178	5
1943	2302	4
1943	2323	4
1943	2334	3
1943	2371	4
1943	2478	4
1943	2539	3
1943	2683	3
1943	2726	5
1943	3000	4
1943	3007	4
1943	3087	4
1943	3160	3
1943	3173	4
1943	3261	4
1943	3409	4
1943	3424	5
1943	3435	4
1943	3438	3
1943	3527	4
1943	3566	4
1943	3623	4
1943	3740	4
1943	3865	5
1946	628	4
1946	1198	5
1946	1213	5
1946	1466	4
1946	1673	3
1946	2501	4
1946	2683	3
1946	3004	1
1946	3087	3
1946	3261	4
2067	912	4
2067	969	3
2067	1032	5
2067	1127	4
2067	1198	5
2067	1264	3
2067	1285	3
2067	1289	5
2067	1943	5
2067	1960	3
2067	2003	4
2067	2096	3
2067	2118	5
2067	2182	4
2067	2407	3
2067	2662	3
2067	2665	4
2067	2669	5
2067	2859	4
2067	3098	3
2067	3435	4
2067	3448	3
2067	3684	3
2067	3871	3
2071	353	2
2071	595	5
2071	1032	3
2071	1035	4
2071	1198	5
2071	1285	4
2071	1294	4
2071	1484	4
2071	1566	4
2071	1580	2
2071	1673	4
2071	2089	3
2071	2096	4
2071	2118	4
2071	2405	2
2071	2501	5
2071	3124	4
2071	3159	4
2071	3409	4
2071	3510	3
2071	3538	3
2071	3623	3
2071	3730	5
2085	54	3
2085	64	3
2085	75	3
2085	195	3
2085	372	4
2085	374	2
2085	437	3
2085	532	4
2085	663	5
2085	784	5
2085	785	5
2085	852	3
2085	1441	3
2085	1526	4
2085	1580	5
2085	1702	4
2085	1707	1
2085	2060	5
2085	2683	5
2085	2720	2
2085	2888	4
2085	3004	3
2085	3255	4
2085	3409	5
2085	3477	4
2085	3510	4
2085	3928	4
2139	34	5
2139	1225	4
2139	2259	4
2139	3928	2
2161	34	4
2161	1213	3
2161	1243	2
2161	1441	2
2161	1466	3
2161	1673	5
2161	2600	1
2161	2683	1
2161	3160	5
2173	34	5
2173	60	4
2173	99	4
2173	785	3
2173	912	3
2173	1198	4
2173	1225	5
2173	1243	4
2173	1289	4
2173	1466	4
2173	1580	2
2173	1693	4
2173	2130	3
2173	2409	2
2173	2744	4
2173	3093	3
2173	3098	4
2173	3167	4
2173	3255	3
2173	3359	4
2173	3360	4
2173	3730	4
2173	3928	2
2190	595	5
2190	1198	5
2190	1285	4
2190	1466	4
2190	1580	5
2190	2501	4
2190	2826	1
2190	3271	3
2190	3623	5
2256	60	4
2256	1285	3
2256	1580	5
2256	1912	3
2266	350	3
2266	1370	3
2266	1466	4
2266	1580	5
2266	2136	3
2266	3160	4
2266	3255	3
2266	3510	4
2266	3579	3
2269	2683	2
2269	2826	3
2269	3160	4
2275	24	3
2275	43	5
2275	2683	3
2289	595	3
2289	912	3
2289	1035	5
2303	34	5
2303	595	4
2303	912	4
2303	969	4
2303	991	4
2303	1035	4
2303	1127	3
2303	1194	4
2303	1198	3
2303	1201	5
2303	1213	4
2303	1225	5
2303	1294	5
2303	1370	4
2303	1459	4
2303	1466	4
2303	1580	4
2303	1673	4
2303	1693	4
2303	1960	4
2303	2003	3
2303	2067	5
2303	2334	4
2303	2407	4
2303	2439	4
2303	2501	5
2303	3093	3
2303	3160	4
2303	3173	3
2303	3409	4
2303	3424	5
2303	3448	5
2303	3507	4
2303	3535	4
2303	3623	3
2308	2021	5
2308	2407	2
2308	2683	4
2308	3159	4
2308	3510	4
2308	3623	4
2350	595	4
2350	912	5
2350	1032	3
2350	1035	4
2350	1566	4
2350	1580	4
2350	2096	4
2363	1035	4
2363	1580	5
2363	3173	4
2363	3409	4
2363	3535	5
2395	1198	4
2395	1201	4
2395	1213	5
2395	1370	5
2395	1466	4
2395	1580	3
2395	1673	4
2395	1912	3
2395	2130	4
2395	2407	3
2395	2409	4
2395	2683	4
2395	3173	5
2395	3255	4
2395	3360	5
2395	3424	3
2395	3510	5
2395	3566	4
2395	3638	3
2395	3740	4
2414	18	5
2414	372	3
2414	595	5
2414	1020	5
2414	1032	5
2414	1035	5
2414	1246	5
2414	1285	2
2414	1580	5
2414	1821	5
2414	1931	2
2414	1947	5
2414	2021	4
2414	2096	4
2414	2662	4
2414	3087	5
2414	3255	5
2414	3271	5
2414	3360	4
2414	3448	5
2432	1198	4
2436	34	4
2436	316	3
2436	353	2
2436	374	4
2436	765	3
2436	852	3
2436	1020	4
2436	1135	3
2436	1213	5
2436	1223	4
2436	1243	4
2436	1285	4
2436	1294	5
2436	1370	4
2436	1373	3
2436	1395	5
2436	1466	4
2436	1580	4
2436	1673	4
2436	1973	1
2436	2111	4
2436	2136	3
2436	2302	4
2436	2334	2
2436	2371	5
2436	2375	4
2436	2407	4
2436	2501	5
2436	2514	1
2436	2539	4
2436	2683	4
2436	2720	4
2436	3087	4
2436	3173	3
2436	3255	4
2436	3360	5
2436	3424	4
2436	3448	4
2436	3510	4
2436	3527	3
2436	3623	3
2436	3638	4
2436	3740	3
2454	34	4
2454	42	2
2454	350	4
2454	585	1
2454	595	3
2454	1032	4
2454	1198	4
2454	1246	5
2454	1373	3
2454	1459	3
2454	1566	2
2454	1580	4
2454	1688	3
2454	1702	4
2454	1920	2
2454	2021	3
2454	2089	2
2454	2096	3
2454	2162	2
2454	2371	3
2454	2392	2
2454	2405	4
2454	2421	4
2454	2422	3
2454	2469	3
2454	2478	4
2454	3087	4
2454	3255	4
2454	3271	4
2454	3360	5
2454	3424	4
2454	3438	3
2454	3448	4
2454	3527	3
2454	3623	2
2473	1673	3
2473	3173	4
2551	785	3
2551	1127	4
2551	1920	2
2551	2021	3
2551	2038	3
2551	2147	3
2551	2162	2
2551	2683	4
2551	3159	5
2551	3160	3
2551	3409	1
2551	3438	2
2551	3623	4
2555	350	3
2555	969	4
2555	1198	4
2555	1267	5
2555	2118	4
2555	2664	5
2555	3359	5
2555	3634	5
2555	3730	4
2555	3871	4
2575	24	3
2575	316	3
2575	353	2
2575	785	3
2575	1198	5
2575	1213	4
2575	1370	4
2575	1580	4
2575	1667	4
2575	1912	3
2575	2392	4
2575	2826	4
2575	3160	3
2575	3527	4
2575	3638	2
2575	3740	2
2598	1198	5
2598	3359	3
2600	86	5
2600	257	4
2600	1035	1
2600	1213	2
2600	1466	4
2600	1673	1
2600	1973	1
2600	2501	4
2600	2826	4
2600	3160	1
2600	3173	4
2600	3255	3
2600	3535	1
2600	3871	2
2604	24	3
2604	785	3
2604	1127	4
2604	1213	5
2604	1225	4
2604	2683	4
2604	3538	3
2617	34	5
2617	350	3
2617	628	2
2617	1225	4
2617	1441	1
2617	1466	3
2617	1673	3
2617	2501	5
2618	1035	4
2618	1370	3
2618	1580	4
2645	372	3
2645	785	4
2645	852	3
2645	1127	3
2645	1198	4
2645	1213	4
2645	1246	4
2645	1370	3
2645	1395	4
2645	1479	4
2645	1580	4
2645	2003	4
2645	2146	4
2645	2240	4
2645	2302	3
2645	2371	5
2645	2375	1
2645	2376	3
2645	2460	1
2645	2473	3
2645	2539	3
2645	2683	3
2645	3087	3
2645	3159	3
2645	3160	1
2645	3255	4
2645	3261	4
2645	3360	4
2645	3448	4
2645	3527	4
2645	3688	4
2645	3770	4
2646	1727	4
2646	3098	4
2654	34	4
2654	86	5
2654	1198	5
2654	1466	4
2654	2501	5
2654	3160	2
2654	3566	3
2654	3684	3
2656	34	4
2656	969	5
2656	1580	4
2656	1947	5
2656	2067	5
2656	2334	4
2656	2407	4
2656	3507	5
2656	3510	5
2656	3623	3
2719	912	4
2719	1194	3
2719	1198	4
2719	1294	5
2719	2010	4
2719	2040	2
2719	2178	4
2719	2535	3
2719	2859	4
2719	3638	3
2719	3730	5
2726	912	5
2726	1198	5
2726	1213	5
2726	1225	4
2726	1294	5
2726	3360	5
2726	3634	4
2741	628	4
2779	34	4
2779	290	4
2779	912	4
2779	1035	2
2779	1294	3
2779	1580	3
2779	1673	3
2779	1785	3
2779	1949	5
2779	2010	5
2779	2937	4
2779	3093	4
2779	3359	3
2779	3435	5
2779	3730	5
2779	3871	4
2789	316	3
2789	912	4
2789	1127	5
2789	1198	5
2789	1580	3
2789	2136	3
2789	3527	4
2832	34	5
2832	912	5
2832	1035	3
2832	1223	5
2832	1285	5
2832	1484	5
2832	1836	4
2832	2683	2
2832	3424	5
2832	3538	4
2832	3623	3
2847	316	4
2847	321	4
2847	350	2
2847	353	3
2847	595	3
2847	784	2
2847	912	4
2847	1020	1
2847	1198	4
2847	1213	4
2847	1225	5
2847	1246	4
2847	1370	1
2847	1580	3
2847	1673	3
2847	1912	2
2847	1949	3
2847	2060	1
2847	2162	2
2847	2302	2
2847	2421	3
2847	2478	2
2847	2514	1
2847	2683	4
2847	3160	4
2847	3255	2
2847	3261	3
2847	3438	3
2847	3448	3
2847	3477	4
2847	3527	1
2847	3535	4
2847	3566	3
2847	3623	3
2847	3686	2
2856	1580	1
2856	2501	5
2856	3426	2
2865	1127	5
2865	1198	4
2865	1246	5
2865	1580	5
2865	2147	4
2865	2302	3
2865	2371	4
2865	3004	2
2865	3098	4
2865	3448	5
2889	34	3
2889	595	4
2889	628	4
2889	912	5
2889	969	5
2889	1035	5
2889	1225	4
2889	1246	4
2889	1441	4
2889	1947	4
2889	1949	2
2889	2302	4
2889	2501	4
2889	3271	4
2889	3510	4
2889	3527	2
2889	3686	3
2889	3871	4
2898	1198	5
2898	1866	5
2898	2683	4
2899	316	4
2899	353	4
2899	429	3
2899	532	4
2899	784	4
2899	785	4
2899	852	3
2899	1020	4
2899	1127	3
2899	1135	4
2899	1194	3
2899	1198	4
2899	1285	4
2899	1294	4
2899	1370	4
2899	1373	4
2899	1479	3
2899	1580	4
2899	1912	4
2899	1920	4
2899	2003	3
2899	2021	3
2899	2034	4
2899	2040	4
2899	2060	3
2899	2259	3
2899	2302	4
2899	2371	5
2899	2375	4
2899	2376	4
2899	2407	4
2899	2469	4
2899	2478	4
2899	2600	4
2899	2662	4
2899	2664	4
2899	2683	5
2899	2793	5
2899	2993	5
2899	3004	5
2899	3087	5
2899	3235	3
2899	3261	4
2899	3424	2
2899	3527	5
2899	3638	4
2899	3740	4
2918	34	4
2918	316	2
2918	372	3
2918	429	4
2918	532	4
2918	784	4
2918	852	1
2918	1127	3
2918	1198	5
2918	1213	4
2918	1223	5
2918	1243	4
2918	1294	5
2918	1370	3
2918	1466	3
2918	1580	4
2918	1673	4
2918	1912	4
2918	2334	4
2918	2600	3
2918	2683	3
2918	2772	3
2918	2859	4
2918	3000	4
2918	3007	3
2918	3159	4
2918	3160	4
2918	3261	4
2918	3424	5
2918	3527	3
2918	3538	4
2918	3865	3
2940	353	4
2940	912	2
2940	1580	4
2940	1912	5
2940	2683	4
2973	24	4
2973	785	3
2973	1127	3
2973	2147	3
2973	2392	3
2973	2683	4
2973	3160	4
2973	3409	2
2973	3510	3
2973	3623	4
3050	316	3
3050	2021	5
3050	2407	4
3050	3770	2
3078	669	5
3078	912	5
3078	1198	5
3078	1225	1
3081	24	4
3081	34	4
3081	126	2
3081	316	3
3081	353	4
3081	532	4
3081	1035	5
3081	1127	5
3081	1135	4
3081	1198	5
3081	1201	5
3081	1216	5
3081	1285	5
3081	1294	5
3081	1370	4
3081	1373	3
3081	1580	4
3081	1702	3
3081	1920	4
3081	1960	5
3081	2003	4
3081	2021	5
3081	2067	5
3081	2096	4
3081	2162	2
3081	2302	4
3081	2371	4
3081	2375	3
3081	2402	3
3081	2405	4
3081	2407	4
3081	2469	5
3081	2473	2
3081	2662	4
3081	2664	3
3081	2793	4
3081	2993	4
3081	3448	4
3081	3527	4
3081	3623	2
3081	3638	3
3081	3688	3
3081	3740	5
3081	3770	4
3098	1035	4
3098	1213	4
3098	1216	3
3098	1484	3
3098	1580	4
3098	1785	2
3098	1912	5
3098	2302	2
3098	2376	3
3098	2473	2
3098	3566	5
3098	3623	5
3098	3871	3
3108	210	3
3108	316	5
3108	353	4
3108	912	5
3108	969	4
3108	991	3
3108	1198	5
3108	1201	5
3108	1213	5
3108	1225	5
3108	1246	3
3108	1267	4
3108	1294	5
3108	1370	5
3108	1373	3
3108	1395	3
3108	1466	3
3108	1580	5
3108	1673	4
3108	1693	4
3108	1785	3
3108	1947	3
3108	1949	5
3108	1960	4
3108	2067	5
3108	2376	3
3108	2409	3
3108	2421	1
3108	2993	3
3108	3093	3
3108	3098	4
3108	3167	3
3108	3360	4
3108	3448	3
3108	3510	4
3108	3527	4
3108	3634	5
3108	3871	3
3111	34	4
3111	429	3
3111	532	2
3111	585	1
3111	626	1
3111	765	3
3111	784	3
3111	1020	2
3111	2060	4
3111	2302	3
3111	2422	1
3111	2539	4
3111	2772	4
3111	3255	4
3116	24	3
3116	353	4
3116	1127	3
3116	1198	5
3116	1580	3
3116	2392	3
3116	2683	4
3116	3535	4
3129	374	1
3129	429	5
3129	431	4
3129	585	2
3129	628	4
3129	785	1
3129	852	3
3129	1127	3
3129	1135	2
3129	1194	3
3129	1198	5
3129	1213	5
3129	1225	3
3129	1246	4
3129	1285	3
3129	1294	3
3129	1370	3
3129	1373	4
3129	1466	5
3129	1580	3
3129	1673	3
3129	1866	1
3129	2003	3
3129	2146	1
3129	2147	3
3129	2240	3
3129	2302	4
3129	2371	5
3129	2375	3
3129	2376	3
3129	2402	3
3129	2405	2
3129	2407	3
3129	2409	4
3129	2421	1
3129	2422	1
3129	2460	2
3129	2473	1
3129	2501	5
3129	2539	4
3129	2683	1
3129	3087	4
3129	3098	4
3129	3173	3
3129	3255	5
3129	3420	5
3129	3448	4
3129	3527	3
3129	3638	4
3129	3688	4
3129	3740	5
3155	34	4
3155	912	5
3155	1035	5
3155	1198	5
3155	1246	5
3155	1949	5
3155	3686	4
3175	1198	5
3175	1213	5
3175	1225	4
3175	1264	4
3175	1912	5
3175	2773	2
3175	2859	5
3175	3535	2
3175	3593	1
3182	18	3
3182	24	2
3182	34	3
3182	42	3
3182	209	4
3182	305	2
3182	353	3
3182	372	4
3182	429	2
3182	431	5
3182	532	3
3182	585	1
3182	640	2
3182	663	3
3182	694	2
3182	784	4
3182	785	5
3182	1032	5
3182	1035	1
3182	1135	3
3182	1194	5
3182	1198	4
3182	1205	3
3182	1213	5
3182	1225	4
3182	1246	3
3182	1285	2
3182	1370	3
3182	1373	1
3182	1395	2
3182	1466	4
3182	1499	3
3182	1580	2
3182	1673	4
3182	1960	3
3182	2003	3
3182	2067	1
3182	2146	3
3182	2302	4
3182	2371	4
3182	2375	2
3182	2376	4
3182	2402	4
3182	2407	2
3182	2408	1
3182	2409	5
3182	2421	4
3182	2422	2
3182	2460	1
3182	2469	2
3182	2478	2
3182	2539	3
3182	2662	4
3182	2683	4
3182	2744	3
3182	2816	1
3182	2862	3
3182	3087	3
3182	3098	5
3182	3160	4
3182	3173	4
3182	3255	1
3182	3261	4
3182	3424	3
3182	3426	2
3182	3438	1
3182	3448	2
3182	3477	2
3182	3527	4
3182	3623	3
3182	3684	2
3182	3688	4
3182	3781	3
3183	912	4
3183	969	4
3183	1127	3
3183	1198	4
3183	1370	3
3183	1580	4
3183	2302	4
3183	2478	4
3183	2662	3
3183	3871	3
3200	34	5
3200	49	2
3200	728	3
3200	1223	5
3200	1243	5
3200	1580	4
3200	1912	4
3200	2469	2
3200	2501	3
3200	2600	3
3200	3623	3
3200	3684	4
3232	34	3
3236	1294	1
3236	3535	5
3271	42	4
3271	279	4
3271	852	3
3271	912	3
3271	969	3
3271	1127	4
3271	1135	3
3271	1198	5
3271	1213	4
3271	1246	5
3271	1373	3
3271	1441	3
3271	1947	4
3271	1960	3
3271	2021	3
3271	2048	4
3271	2095	3
3271	2146	4
3271	2240	3
3271	2371	3
3271	2375	4
3271	2376	3
3271	2405	5
3271	2407	4
3271	2439	4
3271	2469	3
3271	2501	5
3271	3159	3
3271	3360	5
3271	3420	5
3271	3448	5
3271	3510	3
3271	3623	4
3271	3638	3
3271	3684	3
3271	3688	2
3283	34	4
3283	66	1
3283	316	3
3283	504	4
3283	1032	3
3283	1127	4
3283	1201	5
3283	1285	4
3283	1294	5
3283	1373	3
3283	1580	4
3283	2010	4
3283	2021	3
3283	2407	4
3283	2408	1
3283	2662	3
3283	2826	3
3283	3420	5
3283	3438	2
3283	3527	3
3283	3566	5
3283	3638	3
3283	3871	4
3293	1127	5
3293	2826	3
3303	1198	4
3303	3871	4
3310	34	5
3310	1194	2
3310	1213	4
3310	2302	4
3315	24	4
3315	353	2
3315	431	3
3315	595	4
3315	785	3
3315	852	4
3315	912	4
3315	1198	5
3315	1246	5
3315	1285	5
3315	1370	4
3315	1580	4
3315	1912	4
3315	2683	4
3315	2793	4
3315	3255	3
3315	3261	4
3315	3271	5
3315	3477	5
3326	912	4
3326	1466	4
3326	2408	2
3326	3159	5
3326	3507	4
3326	3730	5
3358	34	5
3358	350	4
3358	353	3
3358	585	3
3358	1127	4
3358	1198	4
3358	1213	4
3358	1294	4
3358	1370	1
3358	1441	4
3358	1479	3
3358	1580	4
3358	1693	3
3358	1912	3
3358	1947	1
3358	2469	3
3358	3098	5
3358	3255	5
3358	3261	3
3358	3271	4
3358	3360	4
3358	3438	1
3358	3684	3
3358	3871	3
3362	372	3
3362	532	4
3362	833	3
3362	1285	4
3362	1580	4
3362	2302	5
3362	2539	5
3362	2683	4
3362	2772	1
3362	3255	3
3362	3261	3
3363	34	4
3363	351	4
3363	728	4
3363	1135	3
3363	1223	5
3363	1225	5
3363	1441	3
3363	1580	2
3363	1821	4
3363	2371	2
3363	2405	5
3363	2469	3
3363	2501	2
3363	3255	3
3363	3448	3
3363	3623	2
3363	3684	4
3369	1198	5
3369	1225	4
3387	628	3
3387	695	2
3387	912	5
3387	1198	2
3387	1213	4
3387	1267	4
3387	1370	2
3387	1466	3
3387	1484	4
3387	1912	2
3387	3160	4
3387	3730	4
3392	1213	5
3408	595	2
3408	912	2
3408	969	4
3408	1127	3
3408	1198	5
3408	1201	5
3408	1213	4
3408	2662	4
3408	3740	4
3420	18	5
3420	595	5
3420	912	3
3420	1035	5
3420	1198	2
3420	1213	4
3420	1225	5
3420	1246	5
3420	1285	5
3420	1294	3
3420	1441	5
3420	1673	5
3420	1947	4
3420	2003	4
3420	2793	4
3420	3160	4
3420	3261	5
3420	3271	5
3421	969	5
3421	1127	4
3460	1213	5
3460	1466	5
3460	2010	5
3460	2501	2
3460	3424	4
3460	3456	3
3460	3730	5
3471	18	5
3471	24	3
3471	34	4
3471	210	3
3471	316	4
3471	350	3
3471	353	4
3471	358	2
3471	372	3
3471	431	3
3471	504	3
3471	585	2
3471	628	4
3471	663	3
3471	784	3
3471	785	3
3471	852	3
3471	912	3
3471	1020	3
3471	1127	4
3471	1198	4
3471	1201	5
3471	1205	4
3471	1213	4
3471	1246	3
3471	1285	3
3471	1370	3
3471	1459	3
3471	1466	4
3471	1499	2
3471	1580	3
3471	1667	2
3471	1673	4
3471	1785	4
3471	1866	2
3471	1912	4
3471	2003	2
3471	2021	4
3471	2060	3
3471	2302	3
3471	2334	3
3471	2371	4
3471	2375	3
3471	2385	2
3471	2402	3
3471	2407	2
3471	2439	2
3471	2478	4
3471	2501	3
3471	2539	3
3471	2600	3
3471	2683	3
3471	2720	1
3471	2725	4
3471	2772	3
3471	2793	2
3471	2826	3
3471	3000	4
3471	3004	2
3471	3087	3
3471	3098	5
3471	3160	4
3471	3173	3
3471	3255	3
3471	3261	4
3471	3360	4
3471	3409	3
3471	3438	3
3471	3477	3
3471	3510	3
3471	3527	4
3471	3535	5
3471	3593	3
3471	3623	4
3471	3686	3
3471	3730	3
3471	3740	4
3471	3774	1
3472	34	3
3472	1213	5
3472	1225	1
3472	1285	4
3472	1289	1
3472	2376	3
3472	3360	5
3502	1213	4
3502	3360	4
3547	305	3
3547	372	1
3547	469	2
3547	912	5
3547	969	5
3547	1127	4
3547	1135	4
3547	1192	3
3547	1198	5
3547	1225	5
3547	1246	3
3547	1264	4
3547	1289	5
3547	1733	5
3547	1947	4
3547	1960	5
3547	2067	4
3547	2130	4
3547	2147	2
3547	2259	3
3547	2302	3
3547	2371	4
3547	2375	3
3547	2405	3
3547	2469	3
3547	2662	4
3547	2664	5
3547	3087	3
3547	3255	3
3547	3448	3
3547	3688	3
3547	3749	3
3555	60	3
3555	316	4
3555	969	4
3555	1198	4
3555	1213	3
3555	1216	3
3555	1370	4
3555	1499	1
3555	1580	5
3555	2048	2
3555	2089	2
3555	2162	2
3555	2405	3
3555	2422	3
3595	1198	5
3595	2683	5
3595	2826	2
3656	2302	5
3656	3770	4
3659	34	4
3659	1213	5
3659	1566	3
3659	1912	5
3659	2302	3
3659	3409	4
3659	3510	4
3659	3535	5
3659	3593	1
3659	3623	5
3667	54	4
3667	60	3
3667	595	3
3667	1035	4
3667	1566	3
3667	1688	5
3667	1702	4
3667	2683	4
3670	2302	4
3670	3623	4
3670	3638	3
3672	316	2
3672	353	2
3672	585	1
3672	595	4
3672	1032	1
3672	1035	4
3672	1198	4
3672	1201	3
3672	1294	4
3672	1370	4
3672	1580	5
3672	2003	4
3672	2302	3
3672	2409	4
3672	2539	1
3672	3360	3
3672	3507	4
3695	18	3
3695	34	5
3695	42	2
3695	353	4
3695	567	3
3695	697	4
3695	1034	5
3695	1127	4
3695	1198	5
3695	1213	4
3695	1243	5
3695	1285	5
3695	1580	4
3695	2048	5
3695	2111	4
3695	2118	3
3695	2136	4
3695	2302	4
3695	2405	4
3695	2407	4
3695	2993	3
3695	3000	5
3695	3007	3
3695	3098	3
3695	3255	4
3695	3261	5
3695	3623	5
3695	3686	4
3695	3770	4
3700	350	4
3700	431	4
3700	1213	5
3700	1673	4
3700	2402	3
3700	2478	2
3700	3261	4
3700	3623	2
3704	34	5
3704	532	4
3704	765	2
3704	1213	5
3704	1223	5
3704	1225	5
3704	1264	5
3704	1285	5
3704	1662	5
3704	1912	5
3704	2240	3
3704	2302	4
3704	2859	5
3704	3098	3
3704	3424	5
3704	3448	5
3704	3535	5
3704	3623	2
3704	3915	4
3730	1127	4
3730	1198	4
3730	1580	4
3730	3740	2
3746	316	4
3746	431	5
3746	465	4
3746	504	5
3746	785	4
3746	1127	3
3746	1198	5
3746	1201	4
3746	1213	5
3746	1246	4
3746	1285	4
3746	1294	5
3746	1466	3
3746	1479	4
3746	1580	5
3746	1673	5
3746	2003	3
3746	2146	4
3746	2302	4
3746	2371	5
3746	2405	5
3746	2407	3
3746	2409	4
3746	2421	2
3746	2478	5
3746	2683	4
3746	3098	4
3746	3255	5
3746	3360	4
3746	3438	2
3746	3448	5
3746	3527	3
3746	3623	3
3746	3740	3
3789	34	4
3789	1034	5
3789	1127	3
3789	1198	5
3789	1213	4
3789	1223	5
3789	1243	5
3789	1267	5
3789	1499	1
3789	2726	4
3789	3424	4
3789	3527	5
3789	3730	4
3840	595	4
3840	1225	3
3840	1441	5
3840	1580	2
3840	3424	5
3857	372	2
3857	1580	5
3857	2302	5
3857	3255	4
3857	3261	3
3877	1198	5
3877	2111	3
3877	2937	5
3877	3007	5
3925	34	5
3925	785	4
3925	1127	4
3925	1198	5
3925	1213	5
3925	1912	3
3925	2600	4
3925	2683	5
3925	2720	3
3925	3159	5
3925	3623	3
3954	316	3
3954	1198	4
3954	1205	3
3954	1580	3
3954	3527	2
3965	18	4
3965	24	3
3965	86	4
3965	257	5
3965	350	5
3965	353	4
3965	465	2
3965	628	4
3965	785	5
3965	912	5
3965	969	5
3965	991	4
3965	1020	4
3965	1198	5
3965	1201	4
3965	1294	4
3965	1370	5
3965	1479	4
3965	1673	4
3965	1912	3
3965	1920	3
3965	1960	4
3965	2147	3
3965	2302	2
3965	2402	3
3965	2478	4
3965	2683	3
3965	2816	1
3965	2826	4
3965	3122	4
3965	3173	4
3965	3448	4
3965	3527	4
3965	3623	2
3965	3774	2
3965	3871	5
3972	1127	5
3972	1198	5
3972	2683	4
3984	290	3
3984	316	4
3984	1294	4
3984	1370	4
3984	1580	3
3984	2662	4
3984	2826	4
4003	628	4
4003	3435	4
4003	3730	4
4014	585	5
4014	785	4
4014	1127	3
4014	1243	3
4014	1373	3
4014	1866	4
4014	2003	4
4014	2118	4
4014	2392	3
4014	2539	2
4014	2600	5
4014	2683	5
4014	2772	4
4014	2793	4
4014	2826	3
4014	3510	4
4014	3774	4
4014	3847	2
4015	912	4
4015	969	4
4015	1225	4
4015	1285	1
4015	1294	4
4015	1960	5
4015	2096	3
4015	2664	3
4016	34	4
4016	42	1
4016	209	1
4016	504	4
4016	595	3
4016	628	4
4016	912	3
4016	916	3
4016	969	5
4016	1135	3
4016	1198	4
4016	1213	4
4016	1225	5
4016	1246	3
4016	1285	2
4016	1294	3
4016	1370	3
4016	1395	2
4016	1441	3
4016	1580	1
4016	1673	3
4016	1931	3
4016	1943	3
4016	1947	5
4016	1949	4
4016	1960	1
4016	2003	3
4016	2021	4
4016	2067	2
4016	2096	4
4016	2118	2
4016	2130	1
4016	2178	4
4016	2182	3
4016	2184	2
4016	2240	3
4016	2302	4
4016	2402	3
4016	2405	4
4016	2409	3
4016	2421	2
4016	2475	2
4016	2535	2
4016	2662	4
4016	2664	4
4016	2669	2
4016	2856	2
4016	2993	4
4016	3098	2
4016	3359	3
4016	3420	3
4016	3424	3
4016	3435	4
4016	3448	3
4016	3527	4
4016	3623	3
4016	3634	4
4016	3638	4
4016	3684	4
4016	3686	3
4016	3688	3
4016	3770	3
4033	18	4
4033	42	1
4033	64	3
4033	257	5
4033	316	3
4033	350	4
4033	353	5
4033	372	4
4033	628	4
4033	697	3
4033	784	2
4033	852	4
4033	1127	5
4033	1135	4
4033	1198	5
4033	1213	4
4033	1216	5
4033	1225	5
4033	1243	4
4033	1246	5
4033	1285	5
4033	1370	4
4033	1395	3
4033	1441	4
4033	1459	4
4033	1466	3
4033	1479	3
4033	1580	5
4033	1707	3
4033	1727	3
4033	1866	4
4033	1912	4
4033	2003	3
4033	2041	3
4033	2111	4
4033	2146	4
4033	2240	4
4033	2259	3
4033	2302	5
4033	2334	3
4033	2371	5
4033	2375	3
4033	2376	4
4033	2405	3
4033	2407	3
4033	2421	3
4033	2422	3
4033	2478	3
4033	2501	5
4033	2539	4
4033	2683	5
4033	2826	2
4033	3087	5
4033	3098	5
4033	3173	2
4033	3255	5
4033	3261	4
4033	3360	4
4033	3424	4
4033	3438	4
4033	3448	4
4033	3527	5
4033	3538	5
4033	3623	2
4033	3684	3
4033	3688	2
4033	3740	3
4033	3847	1
4065	316	5
4065	912	4
4068	1127	5
4068	2147	4
4088	18	2
4088	34	3
4088	372	4
4088	429	2
4088	532	3
4088	640	2
4088	663	3
4088	697	1
4088	785	3
4088	1034	4
4088	1213	5
4088	1370	3
4088	1441	3
4088	1466	3
4088	1479	2
4088	1484	4
4088	1580	4
4088	1673	5
4088	1836	5
4088	1856	3
4088	1912	3
4088	1920	4
4088	2060	2
4088	2434	3
4088	2439	4
4088	2539	3
4088	2600	4
4088	2683	2
4088	2772	2
4088	3007	5
4088	3160	5
4088	3255	3
4088	3477	2
4088	3510	5
4088	3535	3
4088	3566	4
4088	3593	2
4088	3623	4
4088	3770	3
4096	60	2
4096	195	3
4096	595	5
4096	785	4
4096	912	5
4096	969	4
4096	1032	3
4096	1198	4
4096	1225	3
4096	1294	5
4096	1370	3
4096	1566	4
4096	1580	4
4096	2089	3
4096	2096	5
4096	2402	3
4096	2405	4
4096	2409	3
4096	2535	3
4096	2662	3
4096	2664	3
4096	3004	2
4096	3087	3
4096	3438	3
4096	3527	3
4102	328	3
4102	374	1
4102	1655	3
4102	2003	3
4102	3774	3
4108	912	4
4108	1194	4
4108	1225	3
4123	451	2
4123	532	5
4123	695	2
4123	1213	5
4123	1580	4
4123	1856	3
4123	2664	3
4163	785	2
4163	1127	3
4163	1198	5
4163	2041	2
4163	2147	3
4163	2669	3
4186	24	1
4186	34	4
4186	60	3
4186	316	1
4186	358	1
4186	374	1
4186	429	2
4186	595	3
4186	765	2
4186	912	3
4186	916	3
4186	969	3
4186	1020	4
4186	1032	2
4186	1035	2
4186	1127	2
4186	1198	4
4186	1205	1
4186	1213	5
4186	1225	3
4186	1243	3
4186	1285	3
4186	1294	3
4186	1373	1
4186	1466	2
4186	1495	1
4186	1566	5
4186	1580	3
4186	1912	4
4186	1920	1
4186	1943	3
4186	1947	3
4186	1960	2
4186	1973	1
4186	2010	3
4186	2021	2
4186	2032	4
4186	2034	2
4186	2038	3
4186	2040	4
4186	2048	4
4186	2089	1
4186	2096	2
4186	2111	3
4186	2118	4
4186	2146	2
4186	2184	3
4186	2302	3
4186	2375	1
4186	2405	2
4186	2407	3
4186	2408	2
4186	2421	2
4186	2469	3
4186	2478	1
4186	2501	4
4186	2662	3
4186	2664	3
4186	2665	3
4186	2772	1
4186	2793	5
4186	3087	3
4186	3093	3
4186	3159	3
4186	3359	3
4186	3448	4
4186	3527	2
4186	3593	1
4186	3638	2
4186	3740	2
4186	3928	4
4188	60	3
4188	126	3
4188	969	4
4188	1127	3
4188	1459	4
4188	1702	3
4188	2826	5
4188	3593	2
4191	2469	5
4210	24	4
4210	316	4
4210	504	4
4210	1127	5
4210	1205	3
4210	1373	3
4210	1580	4
4210	2021	4
4210	2407	3
4210	2408	3
4210	3527	4
4210	3623	4
4210	3770	4
4239	1580	4
4239	2010	4
4239	2662	4
4239	2664	5
4239	3087	4
4239	3770	2
4316	2501	4
4317	1580	4
4317	2021	4
4317	2664	3
4352	34	4
4352	328	4
4352	353	5
4352	504	4
4352	532	3
4352	585	3
4352	595	5
4352	663	5
4352	765	3
4352	784	3
4352	785	5
4352	833	2
4352	1020	2
4352	1032	4
4352	1035	3
4352	1198	5
4352	1205	1
4352	1213	5
4352	1441	3
4352	1494	3
4352	1499	2
4352	1526	3
4352	1580	4
4352	1707	2
4352	1920	2
4352	1947	4
4352	2003	4
4352	2021	1
4352	2060	5
4352	2111	3
4352	2162	1
4352	2302	5
4352	2421	3
4352	2422	2
4352	2478	4
4352	2539	4
4352	2683	3
4352	2772	4
4352	2793	2
4352	3087	4
4352	3255	2
4352	3261	5
4352	3438	5
4352	3477	4
4352	3527	4
4352	3623	4
4352	3669	3
4352	3928	3
4371	24	4
4371	43	2
4371	912	4
4371	916	5
4371	969	3
4371	1441	4
4371	1912	5
4371	2683	3
4371	2888	4
4371	3004	2
4371	3261	4
4371	3623	3
4397	24	5
4397	86	5
4397	785	3
4397	1127	3
4397	2392	2
4397	2683	4
4397	2720	3
4397	2826	2
4405	2683	4
4429	3435	5
4429	3566	5
4429	3623	2
4442	1035	4
4442	1201	3
4442	1947	5
4442	3507	4
4471	785	3
4471	912	5
4471	1198	3
4471	1225	4
4471	1285	3
4471	1294	3
4471	1466	3
4471	2003	3
4471	2371	4
4471	2407	3
4471	2473	2
4471	2478	2
4471	3359	4
4471	3360	4
4471	3448	3
4475	504	3
4475	1580	5
4475	1688	3
4508	18	3
4508	42	3
4508	295	3
4508	316	3
4508	328	4
4508	353	4
4508	358	2
4508	372	2
4508	429	3
4508	431	3
4508	469	2
4508	504	2
4508	532	4
4508	585	3
4508	595	3
4508	640	2
4508	663	5
4508	694	2
4508	765	1
4508	785	4
4508	912	4
4508	969	4
4508	1032	3
4508	1034	4
4508	1127	4
4508	1135	1
4508	1198	5
4508	1201	5
4508	1213	4
4508	1223	5
4508	1225	4
4508	1243	5
4508	1246	3
4508	1267	4
4508	1285	4
4508	1289	5
4508	1294	4
4508	1370	2
4508	1373	1
4508	1395	3
4508	1441	3
4508	1499	2
4508	1580	4
4508	1673	4
4508	1693	4
4508	1785	5
4508	1856	4
4508	1912	4
4508	1920	3
4508	1947	2
4508	2003	4
4508	2010	4
4508	2021	3
4508	2034	3
4508	2038	3
4508	2041	1
4508	2060	2
4508	2089	4
4508	2096	3
4508	2111	4
4508	2118	4
4508	2146	1
4508	2302	2
4508	2371	2
4508	2375	2
4508	2376	2
4508	2392	1
4508	2402	2
4508	2405	2
4508	2407	3
4508	2409	3
4508	2421	2
4508	2439	3
4508	2460	3
4508	2469	1
4508	2478	2
4508	2514	1
4508	2600	2
4508	2662	4
4508	2664	4
4508	2772	3
4508	2826	4
4508	2862	4
4508	2993	4
4508	3000	5
4508	3004	1
4508	3087	4
4508	3093	3
4508	3098	3
4508	3159	3
4508	3160	5
4508	3167	4
4508	3173	4
4508	3235	4
4508	3255	2
4508	3261	2
4508	3271	4
4508	3424	5
4508	3426	3
4508	3435	5
4508	3438	2
4508	3448	2
4508	3507	3
4508	3527	4
4508	3535	2
4508	3623	4
4508	3638	2
4508	3686	2
4508	3740	4
4508	3770	4
4508	3781	1
4508	3847	3
4508	3871	5
4509	353	3
4509	585	3
4509	912	4
4509	1198	4
4509	1213	5
4509	1223	4
4509	1225	5
4509	1246	4
4509	1294	3
4509	1580	3
4509	1673	5
4509	2302	4
4509	2662	3
4509	2683	4
4509	2993	4
4509	3527	4
4511	1127	4
4511	1198	5
4511	1201	4
4511	1373	5
4511	2302	4
4511	2409	4
4511	2460	3
4511	2535	4
4511	2683	4
4511	3527	5
4511	3623	5
4511	3638	4
4511	3770	4
4520	42	4
4520	86	4
4520	316	4
4520	353	4
4520	785	4
4520	1127	3
4520	1198	5
4520	1201	4
4520	1213	5
4520	1225	4
4520	1294	4
4520	1370	3
4520	1580	4
4520	1912	4
4520	1973	3
4520	2003	4
4520	2334	3
4520	2460	3
4520	2683	4
4520	2993	4
4520	3527	4
4520	3623	3
4520	3740	4
4535	195	4
4535	316	4
4535	353	5
4535	372	4
4535	429	2
4535	532	4
4535	852	4
4535	969	4
4535	1020	4
4535	1127	5
4535	1198	5
4535	1201	5
4535	1213	5
4535	1223	4
4535	1243	5
4535	1285	4
4535	1294	5
4535	1370	4
4535	1441	4
4535	1580	4
4535	1702	4
4535	1821	4
4535	1912	4
4535	2038	4
4535	2041	3
4535	2060	3
4535	2095	3
4535	2371	5
4535	2375	4
4535	2405	4
4535	2407	4
4535	2408	3
4535	2469	4
4535	2539	5
4535	2662	4
4535	2683	5
4535	2772	5
4535	2793	3
4535	2993	5
4535	3087	3
4535	3255	4
4535	3261	5
4535	3448	4
4535	3477	5
4535	3527	4
4535	3623	1
4535	3740	4
4584	912	5
4584	1267	5
4584	1294	4
4584	1931	4
4584	2010	5
4584	3007	5
4584	3093	3
4586	34	5
4586	784	3
4586	785	4
4586	2683	4
4586	3623	3
4592	1127	3
4592	1198	5
4592	1201	5
4592	1285	4
4592	1294	4
4592	1370	4
4592	1373	1
4592	1580	4
4592	2003	4
4592	2371	5
4592	2402	3
4592	2407	1
4592	2409	3
4592	2421	3
4592	2422	3
4592	2478	5
4592	2539	4
4592	2600	3
4592	2720	4
4592	2816	4
4592	3007	5
4592	3438	2
4592	3448	4
4592	3527	4
4592	3623	5
4592	3638	3
4618	585	3
4618	1127	3
4618	1580	4
4618	2407	3
4618	3623	4
4618	3770	3
4619	195	3
4619	351	2
4619	469	2
4619	852	2
4619	916	3
4619	1441	4
4619	1479	3
4619	1821	3
4619	1912	5
4619	1947	3
4619	2469	4
4619	2473	2
4619	3004	1
4619	3426	3
4619	3684	3
4622	1194	3
4622	1198	5
4622	2683	3
4631	290	5
4631	305	3
4631	358	3
4631	595	2
4631	785	4
4631	1127	3
4631	1198	3
4631	1201	4
4631	1466	3
4631	1662	1
4631	1920	1
4631	1960	5
4631	2096	3
4631	2683	5
4640	353	4
4640	1020	2
4640	1246	3
4640	1370	3
4640	1373	5
4640	1580	2
4640	2089	1
4640	3527	2
4668	1127	5
4668	1580	4
4668	2662	5
4669	969	4
4669	1198	4
4669	2683	1
4669	3159	4
4692	722	4
4692	1192	4
4692	1856	3
4758	3593	1
4778	1294	3
4778	3359	3
4792	912	5
4792	969	5
4792	1127	4
4792	1225	5
4804	3730	4
4804	3740	3
4804	3761	3
4804	3774	1
4826	86	5
4826	969	5
4826	1127	4
4826	1198	4
4826	1213	4
4826	1225	5
4826	1580	4
4826	2067	5
4826	2501	4
4826	2683	3
4826	2826	3
4826	3159	5
4826	3593	2
4826	3623	3
4826	3638	3
4845	916	4
4845	969	4
4845	1264	5
4845	1441	4
4845	1484	4
4845	1821	4
4845	1912	4
4845	2130	3
4845	2175	3
4845	2501	4
4845	3007	5
4845	3261	5
4845	3684	5
4877	1032	5
4877	1201	3
4877	1213	5
4877	1566	3
4877	1580	1
4877	2089	3
4877	3360	4
4877	3435	3
4892	66	2
4892	316	3
4892	1127	4
4892	1201	2
4892	1580	3
4892	2664	3
4892	2665	2
4892	3527	3
4892	3638	2
4897	34	3
4897	66	2
4897	595	4
4897	912	5
4897	1127	3
4897	1198	4
4897	1201	4
4897	1294	3
4897	1370	4
4897	1499	2
4897	1566	4
4897	1580	4
4897	1920	3
4897	1947	4
4897	2003	5
4897	2021	3
4897	2096	4
4897	2162	2
4897	2376	4
4897	2402	3
4897	2405	4
4897	2407	3
4897	2478	5
4897	2501	5
4897	2514	2
4897	2662	3
4897	2664	4
4897	2669	3
4897	2720	3
4897	3438	3
4897	3448	3
4897	3527	4
4897	3638	4
4926	1198	3
4926	1580	3
4926	2392	2
4926	2662	4
4944	2010	4
4944	2409	3
4944	3623	3
4953	24	3
4953	34	4
4953	350	5
4953	431	3
4953	628	5
4953	912	4
4953	991	4
4953	1213	4
4953	1225	4
4953	1264	4
4953	1370	3
4953	1466	3
4953	1580	3
4953	1673	4
4953	1785	3
4953	2501	4
4953	2600	4
4953	2664	4
4953	2826	4
4953	3255	4
4953	3359	3
4953	3438	2
4960	34	5
4960	99	4
4960	785	4
4960	912	5
4960	1925	4
4960	3865	4
4990	34	4
4990	1285	5
4990	1289	5
4990	2146	4
4995	34	5
4995	353	2
4995	728	5
4995	1198	4
4995	1213	3
4995	1225	4
4995	1264	4
4995	1285	3
4995	1289	4
4995	1294	3
4995	1484	3
4995	1580	3
4995	1912	4
4995	1960	3
4995	2240	3
4995	2285	5
4995	2334	4
4995	2439	4
4995	2600	3
4995	2937	4
4995	3000	2
4995	3007	3
4995	3160	3
4995	3255	3
4995	3359	3
4995	3424	4
4995	3448	3
4995	3527	3
4995	3684	3
4995	3730	3
4995	3740	3
4995	3770	3
5021	24	4
5021	66	1
5021	316	2
5021	350	3
5021	912	5
5021	969	5
5021	1127	3
5021	1198	2
5021	1205	1
5021	1267	5
5021	1294	5
5021	1373	3
5021	1459	3
5021	1580	4
5021	1960	3
5021	2021	3
5021	2067	5
5021	2408	5
5021	2662	5
5021	2665	4
5021	3438	1
5021	3527	5
5021	3634	5
5021	3638	1
5023	595	3
5023	1032	3
5023	1035	5
5023	1499	3
5023	1947	3
5023	2096	5
5023	2407	3
5023	3740	1
5034	316	3
5034	353	4
5034	694	3
5034	912	4
5034	916	5
5034	1127	4
5034	1198	5
5034	1225	5
5034	1267	5
5034	1580	3
5034	1949	5
5034	3359	4
5034	3527	3
5034	3623	3
5071	765	4
5071	912	3
5071	1127	4
5071	1198	4
5071	1370	5
5071	1580	4
5071	2993	4
5071	3634	4
5071	3740	4
5077	290	2
5077	328	4
5077	728	3
5077	1127	3
5077	1194	4
5077	1198	5
5077	1213	5
5077	1225	4
5077	1246	2
5077	1267	5
5077	1285	2
5077	1294	5
5077	1484	3
5077	1580	1
5077	1655	2
5077	1673	3
5077	1912	5
5077	2302	2
5077	2323	5
5077	2439	2
5077	2664	5
5077	2726	3
5077	2826	2
5077	2859	5
5077	3007	5
5077	3093	5
5077	3160	2
5077	3167	3
5077	3424	5
5077	3535	4
5077	3623	1
5077	3730	5
5077	3740	4
5100	24	4
5100	34	4
5100	43	4
5100	60	4
5100	126	3
5100	305	3
5100	316	1
5100	321	5
5100	374	2
5100	429	1
5100	595	5
5100	728	5
5100	765	2
5100	784	1
5100	785	4
5100	912	5
5100	969	5
5100	1032	5
5100	1035	5
5100	1135	4
5100	1198	4
5100	1201	5
5100	1213	5
5100	1225	4
5100	1243	5
5100	1246	5
5100	1264	5
5100	1267	5
5100	1289	5
5100	1294	5
5100	1395	5
5100	1441	5
5100	1580	4
5100	1673	2
5100	1688	3
5100	1702	2
5100	1707	1
5100	1727	3
5100	1931	5
5100	1943	4
5100	1947	5
5100	1949	5
5100	2010	5
5100	2048	4
5100	2067	5
5100	2096	4
5100	2111	3
5100	2130	5
5100	2162	3
5100	2285	5
5100	2302	5
5100	2375	5
5100	2392	2
5100	2405	3
5100	2407	4
5100	2409	3
5100	2469	5
5100	2478	1
5100	2539	4
5100	2725	4
5100	2862	1
5100	2993	3
5100	3007	1
5100	3073	5
5100	3093	5
5100	3098	4
5100	3167	5
5100	3255	5
5100	3359	5
5100	3360	5
5100	3419	4
5100	3420	4
5100	3448	5
5100	3510	4
5100	3623	2
5100	3634	5
5100	3638	3
5100	3684	5
5100	3730	5
5100	3865	1
5100	3928	3
5102	912	5
5102	1127	5
5102	1135	4
5102	1198	5
5102	1225	5
5102	1246	5
5102	1285	5
5102	1580	4
5102	1960	5
5102	2003	5
5102	2371	5
5102	2375	4
5102	2421	4
5102	2478	4
5102	3159	4
5102	3360	5
5102	3448	5
5102	3527	5
5102	3623	4
5112	257	2
5112	316	2
5112	695	3
5112	785	2
5112	912	5
5112	969	2
5112	1127	3
5112	1198	2
5112	1201	4
5112	1267	5
5112	1459	3
5112	1580	3
5112	2010	4
5112	2021	2
5112	2034	2
5112	2407	3
5112	2475	4
5112	2478	1
5112	2662	4
5112	2664	3
5112	2683	2
5112	2726	3
5112	3093	4
5112	3159	2
5112	3160	2
5112	3435	5
5112	3510	4
5112	3527	3
5112	3638	2
5112	3730	4
5115	290	5
5115	722	3
5115	1213	5
5115	3510	4
5121	316	3
5121	372	4
5121	585	4
5121	785	4
5121	852	4
5121	1370	4
5121	1479	3
5121	1580	4
5121	1912	4
5121	2060	2
5121	2539	4
5121	3255	3
5121	3261	4
5121	3623	2
5121	3638	3
5128	595	4
5128	912	4
5128	969	5
5128	1035	3
5128	1213	5
5128	1267	4
5128	1580	4
5128	3093	4
5128	3527	3
5128	3730	4
5142	86	5
5142	316	4
5142	465	1
5142	912	3
5142	969	4
5142	1035	5
5142	1135	3
5142	1198	5
5142	1201	5
5142	1285	4
5142	1373	3
5142	1495	1
5142	1499	1
5142	1566	3
5142	1580	2
5142	1947	3
5142	1960	5
5142	2003	3
5142	2041	3
5142	2067	4
5142	2371	5
5142	2375	3
5142	2376	4
5142	2402	3
5142	2405	3
5142	2407	3
5142	2421	4
5142	2422	3
5142	2478	5
5142	2662	2
5142	2720	3
5142	3235	2
5142	3448	4
5142	3477	5
5142	3510	1
5142	3535	3
5142	3566	4
5142	3623	3
5151	60	2
5151	126	2
5151	328	1
5151	765	1
5151	1655	1
5151	1973	2
5151	2003	3
5151	2021	4
5151	2162	2
5151	2826	3
5151	3510	1
5151	3535	5
5151	3566	3
5151	3593	2
5151	3623	1
5153	34	4
5153	64	2
5153	86	3
5153	195	3
5153	351	2
5153	353	3
5153	431	4
5153	728	2
5153	784	2
5153	912	4
5153	1020	4
5153	1213	4
5153	1246	5
5153	1294	5
5153	1395	4
5153	1441	4
5153	1580	4
5153	1673	3
5153	1702	2
5153	1707	2
5153	2003	4
5153	2041	3
5153	2067	3
5153	2136	3
5153	2146	3
5153	2147	1
5153	2240	4
5153	2259	4
5153	2302	4
5153	2371	3
5153	2375	2
5153	2405	3
5153	2407	3
5153	2408	1
5153	2409	3
5153	2422	1
5153	2469	3
5153	2473	3
5153	2539	4
5153	3093	3
5153	3098	4
5153	3167	3
5153	3255	4
5153	3359	5
5153	3360	3
5153	3420	5
5153	3424	4
5153	3448	4
5153	3456	3
5153	3507	5
5153	3638	2
5153	3684	3
5153	3686	3
5153	3688	3
5153	3740	2
5161	18	4
5161	34	1
5161	316	3
5161	353	3
5161	358	3
5161	595	1
5161	912	3
5161	1127	3
5161	1201	4
5161	1213	5
5161	1225	4
5161	1370	2
5161	1373	2
5161	1466	3
5161	1702	1
5161	2021	4
5161	2402	2
5161	2421	1
5161	2422	1
5161	2478	4
5161	2720	1
5161	3424	5
5161	3435	4
5161	3438	1
5161	3448	3
5161	3623	4
5161	3740	3
5166	912	5
5166	1198	2
5166	1201	4
5166	1267	3
5166	1466	5
5166	1499	1
5166	2010	4
5166	2434	4
5166	2664	4
5166	2683	5
5166	3093	5
5166	3730	5
5196	305	2
5196	852	3
5196	1020	2
5196	1213	4
5196	1243	4
5196	1580	3
5196	2302	3
5196	2539	3
5196	2683	1
5196	3255	3
5201	912	5
5201	1198	5
5201	1267	2
5201	2067	3
5201	2375	2
5201	3359	3
5201	3360	3
5201	3566	4
5242	1294	1
5242	1580	2
5242	2021	4
5242	2600	2
5242	2664	3
5242	3000	5
5242	3159	2
5242	3160	5
5242	3535	1
5242	3593	1
5242	3623	2
5249	24	3
5249	34	4
5249	257	4
5249	316	4
5249	350	2
5249	351	3
5249	469	3
5249	544	3
5249	628	4
5249	695	4
5249	852	2
5249	1127	3
5249	1198	5
5249	1213	2
5249	1370	4
5249	1373	3
5249	1459	3
5249	1466	3
5249	1479	5
5249	1580	4
5249	2003	1
5249	2334	3
5249	2405	4
5249	2826	1
5249	3255	3
5249	3448	4
5249	3527	4
5249	3684	4
5249	3686	1
5259	912	5
5259	1246	5
5259	3456	5
5260	34	4
5260	912	5
5260	969	5
5260	1198	5
5260	1201	4
5260	1213	4
5260	1225	4
5260	1264	2
5260	1285	4
5260	1960	2
5260	2003	1
5260	2130	4
5260	2302	3
5260	2859	5
5260	3359	5
5260	3424	4
5260	3438	1
5260	3730	5
5262	982	3
5262	1127	3
5262	3409	1
5262	3638	1
5286	34	4
5286	351	3
5286	728	3
5286	916	4
5286	1198	5
5286	1285	5
5286	1294	4
5286	1395	3
5286	1912	5
5286	2407	4
5286	3004	1
5286	3255	4
5286	3261	3
5286	3424	5
5299	372	3
5299	1032	4
5299	2096	1
5299	2600	4
5299	3435	4
5302	27	4
5302	34	5
5302	54	4
5302	60	4
5302	86	3
5302	351	4
5302	585	1
5302	595	4
5302	765	4
5302	852	4
5302	916	5
5302	1020	4
5302	1035	5
5302	1566	3
5302	1580	4
5302	1688	4
5302	1702	4
5302	1912	3
5302	2501	4
5302	2683	2
5302	3098	3
5302	3255	4
5302	3360	4
5302	3424	1
5302	3477	5
5302	3623	3
5312	316	3
5312	350	2
5312	353	4
5312	544	1
5312	585	4
5312	595	5
5312	784	4
5312	785	2
5312	912	4
5312	1035	5
5312	1127	3
5312	1135	4
5312	1198	5
5312	1213	4
5312	1225	5
5312	1246	4
5312	1264	5
5312	1285	5
5312	1365	4
5312	1370	4
5312	1373	2
5312	1441	3
5312	1466	4
5312	1499	2
5312	1566	3
5312	1580	5
5312	1693	4
5312	1912	4
5312	1920	4
5312	1947	5
5312	1973	3
5312	2003	4
5312	2010	3
5312	2021	4
5312	2034	3
5312	2038	3
5312	2040	4
5312	2096	3
5312	2111	5
5312	2184	3
5312	2240	5
5312	2259	2
5312	2302	5
5312	2334	4
5312	2371	5
5312	2376	3
5312	2402	4
5312	2405	4
5312	2407	5
5312	2408	4
5312	2409	4
5312	2421	3
5312	2473	3
5312	2478	4
5312	2501	5
5312	2539	4
5312	2662	4
5312	2683	5
5312	2793	1
5312	2993	4
5312	3087	5
5312	3093	4
5312	3255	4
5312	3261	3
5312	3409	2
5312	3424	4
5312	3426	2
5312	3448	4
5312	3510	4
5312	3527	3
5312	3623	5
5312	3638	5
5312	3686	4
5312	3688	2
5312	3740	5
5312	3770	4
5312	3804	3
5321	34	4
5321	784	3
5321	912	4
5321	1135	3
5321	1198	4
5321	1213	3
5321	1225	4
5321	1264	4
5321	1285	3
5321	1580	2
5321	1673	2
5321	2111	3
5321	2118	3
5321	2375	3
5321	2539	2
5321	2683	3
5321	2720	1
5321	2793	3
5321	2859	3
5321	3261	4
5321	3359	5
5321	3424	5
5321	3426	4
5326	18	3
5326	34	2
5326	431	1
5326	1020	4
5326	1213	1
5326	1285	2
5326	1441	4
5326	1466	3
5326	1580	1
5326	2136	3
5326	2859	3
5326	3043	5
5329	34	5
5329	290	5
5329	451	3
5329	784	3
5329	912	5
5329	916	5
5329	969	4
5329	987	2
5329	1035	5
5329	1127	4
5329	1198	5
5329	1213	5
5329	1216	4
5329	1225	5
5329	1246	5
5329	1285	5
5329	1294	5
5329	1441	4
5329	1484	4
5329	1673	5
5329	1693	4
5329	1836	4
5329	2060	4
5329	2118	4
5329	2130	4
5329	2184	4
5329	2240	4
5329	2469	4
5329	2539	3
5329	2683	4
5329	2772	3
5329	2826	2
5329	3087	4
5329	3098	5
5329	3160	4
5329	3167	5
5329	3255	4
5329	3261	3
5329	3271	4
5329	3359	5
5329	3360	4
5329	3420	4
5329	3424	5
5329	3435	5
5329	3448	4
5329	3535	4
5329	3538	5
5329	3623	3
5329	3684	4
5329	3686	2
5388	1198	5
5388	1912	4
5388	3409	4
5388	3535	2
5397	34	2
5397	42	1
5397	328	4
5397	353	4
5397	372	2
5397	429	3
5397	431	4
5397	532	3
5397	628	5
5397	852	3
5397	912	5
5397	969	3
5397	991	4
5397	1032	5
5397	1035	2
5397	1198	3
5397	1213	5
5397	1225	4
5397	1267	5
5397	1285	3
5397	1370	2
5397	1466	4
5397	1580	4
5397	1947	4
5397	2371	4
5397	2409	3
5397	2473	2
5397	2478	4
5397	2683	3
5397	2726	5
5397	3087	4
5397	3159	2
5397	3255	3
5397	3424	3
5397	3435	4
5397	3477	2
5397	3507	3
5397	3510	3
5397	3593	1
5397	3623	2
5397	3662	1
5397	3686	4
5397	3740	3
5397	3871	3
5402	595	4
5402	628	4
5402	912	4
5402	969	4
5402	1225	4
5402	1693	4
5402	2662	4
5402	3510	4
5416	34	5
5416	1127	5
5416	3669	1
5416	3684	3
5416	3686	4
5416	3688	5
5416	3740	4
5422	305	4
5422	351	4
5422	532	3
5422	663	3
5422	728	3
5422	852	2
5422	1198	2
5422	1395	2
5422	1821	4
5422	2136	1
5422	2375	2
5422	2469	4
5422	2478	3
5439	912	4
5452	34	2
5452	99	5
5452	290	3
5452	316	2
5452	321	2
5452	353	1
5452	372	4
5452	532	4
5452	585	5
5452	663	5
5452	1127	3
5452	1192	5
5452	1198	2
5452	1213	5
5452	1264	5
5452	1267	4
5452	1370	4
5452	1466	3
5452	1566	2
5452	1580	2
5452	1673	5
5452	1821	4
5452	1912	3
5452	2302	3
5452	2499	4
5452	2539	3
5452	2683	2
5452	3160	3
5452	3424	4
5452	3527	1
5452	3623	1
5573	34	5
5573	912	4
5573	1192	3
5573	1198	4
5573	1264	5
5573	1289	3
5573	1949	5
5573	1960	2
5573	2130	5
5573	2475	5
5573	3093	4
5573	3359	5
5573	3360	5
5573	3424	4
5665	353	5
5665	1213	3
5665	1225	3
5675	34	4
5675	43	4
5675	86	4
5675	350	3
5675	372	4
5675	431	4
5675	628	5
5675	695	4
5675	785	4
5675	852	3
5675	912	5
5675	969	5
5675	1020	3
5675	1035	4
5675	1127	3
5675	1135	3
5675	1198	5
5675	1213	5
5675	1223	4
5675	1225	5
5675	1246	5
5675	1267	5
5675	1294	5
5675	1370	5
5675	1395	3
5675	1459	4
5675	1466	4
5675	1479	2
5675	1499	3
5675	1580	4
5675	1673	4
5675	1727	3
5675	1912	4
5675	2010	4
5675	2130	4
5675	2146	3
5675	2178	4
5675	2259	3
5675	2302	4
5675	2334	3
5675	2405	3
5675	2407	4
5675	2539	4
5675	2600	3
5675	2826	3
5675	2859	4
5675	3098	3
5675	3360	4
5675	3420	4
5675	3448	4
5675	3507	4
5675	3623	4
5675	3634	5
5675	3684	3
5675	3730	3
5675	3740	3
5675	3871	5
5676	305	2
5676	372	2
5676	585	2
5676	663	1
5676	784	2
5676	852	2
5676	1198	5
5676	1223	4
5676	1373	3
5676	2302	3
5676	2405	3
5676	2683	1
5676	3255	4
5676	3477	1
5699	34	4
5699	316	3
5699	353	1
5699	728	3
5699	912	5
5699	1127	3
5699	1267	4
5699	1285	3
5699	1294	3
5699	1373	1
5699	1441	4
5699	1580	4
5699	2021	2
5699	2118	3
5699	2302	2
5699	2371	3
5699	2407	3
5699	2662	4
5699	2826	1
5699	3255	3
5699	3448	1
5699	3527	4
5699	3593	1
5699	3634	4
5699	3638	2
5707	595	5
5707	1223	5
5707	1243	5
5707	1294	4
5707	1794	4
5707	1912	3
5707	3159	5
5744	34	5
5744	181	2
5744	451	2
5744	465	4
5744	852	4
5744	916	5
5744	937	5
5744	1032	4
5744	1035	5
5744	1135	4
5744	1198	4
5744	1213	5
5744	1267	4
5744	1441	3
5744	1580	4
5744	1673	4
5744	1925	4
5744	1931	4
5744	1947	4
5744	2010	4
5744	2032	4
5744	2038	3
5744	2040	4
5744	2041	3
5744	2067	4
5744	2096	5
5744	2136	2
5744	2227	4
5744	2405	4
5744	2421	2
5744	2469	4
5744	2664	4
5744	3087	4
5744	3255	4
5744	3261	4
5744	3359	4
5744	3438	2
5744	3448	5
5744	3507	4
5744	3538	4
5744	3638	2
5744	3688	1
5744	3730	4
5747	86	4
5747	181	1
5747	316	3
5747	353	3
5747	465	3
5747	595	5
5747	694	2
5747	785	2
5747	852	3
5747	888	1
5747	912	5
5747	969	4
5747	1035	5
5747	1127	3
5747	1198	5
5747	1201	5
5747	1205	2
5747	1223	4
5747	1225	5
5747	1246	5
5747	1285	4
5747	1294	4
5747	1370	3
5747	1373	3
5747	1398	3
5747	1441	3
5747	1479	3
5747	1495	1
5747	1499	1
5747	1580	4
5747	1702	2
5747	1707	1
5747	1821	4
5747	1931	4
5747	1947	5
5747	1960	4
5747	2021	4
5747	2034	3
5747	2038	2
5747	2096	4
5747	2146	3
5747	2147	2
5747	2334	4
5747	2402	2
5747	2421	2
5747	2434	3
5747	2501	4
5747	2669	3
5747	2816	2
5747	2859	4
5747	2862	3
5747	3271	4
5747	3424	4
5747	3438	2
5747	3448	4
5747	3527	3
5747	3623	3
5747	3638	2
5786	34	2
5786	210	4
5786	372	4
5786	429	2
5786	728	4
5786	852	4
5786	912	4
5786	969	4
5786	991	4
5786	1194	3
5786	1198	5
5786	1201	4
5786	1213	5
5786	1285	3
5786	1294	3
5786	1395	3
5786	1441	4
5786	1580	4
5786	1707	1
5786	2302	3
5786	2371	3
5786	2385	3
5786	2405	3
5786	2407	3
5786	2469	3
5786	2473	3
5786	2478	3
5786	2539	4
5786	2683	3
5786	3087	3
5786	3160	5
5786	3255	3
5786	3261	4
5786	3424	2
5786	3510	5
5786	3527	3
5786	3538	4
5807	1213	5
5807	1466	4
5807	2302	3
5815	912	4
5815	1294	4
5815	1580	4
5815	2937	4
5815	3435	4
5815	3510	2
5815	3527	4
5815	3579	2
5817	1127	5
5817	1198	5
5817	2434	3
5817	2683	5
5817	3409	4
5827	316	5
5827	663	1
5827	852	4
5827	1127	3
5827	1580	5
5827	2162	4
5827	2302	4
5827	2720	4
5827	3098	4
5827	3255	3
5827	3527	5
5835	34	4
5835	912	4
5835	1213	3
5835	2501	4
5835	3359	4
5860	34	3
5860	1580	4
5860	2302	4
5860	2407	3
5860	3255	4
5860	3448	4
5883	2683	4
5890	316	2
5890	595	3
5890	912	4
5890	969	4
5890	1035	5
5890	1201	5
5890	1213	5
5890	1225	5
5890	1267	5
5890	1285	4
5890	1294	4
5890	1370	3
5890	1395	4
5890	1459	2
5890	1912	4
5890	1937	4
5890	1947	5
5890	1949	5
5890	1960	4
5890	2067	5
5890	2302	4
5890	2409	3
5890	2469	3
5890	2478	4
5890	2501	5
5890	2859	4
5890	3087	4
5890	3098	4
5890	3167	4
5890	3359	4
5890	3360	3
5890	3424	3
5890	3435	4
5890	3448	3
5890	3507	4
5890	3510	3
5921	1198	4
5921	1201	2
5921	1213	3
5923	1201	4
5923	1246	4
5923	2409	3
5923	2683	2
5923	3160	4
5923	3527	3
5925	34	4
5925	350	3
5925	595	4
5925	912	4
5925	1032	4
5925	1035	4
5925	1198	3
5925	1216	4
5925	1225	5
5925	1264	5
5925	1285	5
5925	1566	3
5925	1580	4
5925	1947	4
5925	2096	3
5925	2302	4
5925	2407	3
5925	3359	4
5925	3424	4
5925	3435	5
5967	290	5
5967	1499	4
5976	34	5
5976	328	1
5976	532	5
5976	1127	2
5976	1192	4
5976	1198	3
5976	1213	3
5976	1246	4
5976	1285	3
5976	1673	4
5976	2302	3
5980	34	3
5980	595	3
5980	912	5
5980	969	4
5980	982	4
5980	1032	5
5980	1267	4
5980	1580	5
5980	1931	4
5980	1949	4
5980	1960	3
5980	2010	4
5980	2067	5
5980	2130	2
5980	2302	5
5980	2662	4
5980	2993	4
5980	3360	4
5980	3435	3
5990	1035	4
5990	1135	2
5990	1198	3
5990	1201	4
5990	1225	4
5990	1246	3
5990	1267	4
5990	1285	4
5990	1294	5
5990	1794	5
5990	2021	1
5990	2111	2
5990	2146	3
5990	2371	4
5990	2407	3
5990	2469	3
5990	2535	2
5990	2683	2
5990	2993	3
5990	3004	1
5990	3087	4
5990	3167	4
5990	3360	4
5990	3420	3
5990	3448	3
5990	3507	4
5993	1035	5
5993	1947	5
5993	3360	3
5994	1127	5
5994	1198	5
5994	1201	3
5994	1370	4
5994	1912	5
5994	2993	5
5994	3527	4
6003	34	5
6003	43	4
6003	969	5
6003	991	3
6003	1127	4
6003	1198	5
6003	1213	4
6003	1294	5
6003	1466	3
6003	1580	4
6003	1693	3
6003	2067	5
6003	2302	3
6003	2469	2
6003	3255	5
6003	3424	4
6003	3435	5
6007	316	5
6007	328	3
6007	353	3
6007	852	4
6007	969	4
6007	1127	5
6007	1198	4
6007	1201	3
6007	1216	3
6007	1370	3
6007	1373	2
6007	1479	4
6007	1499	3
6007	1580	4
6007	1947	3
6007	2003	3
6007	2021	4
6007	2118	3
6007	2146	2
6007	2147	4
6007	2259	3
6007	2405	2
6007	2662	4
6007	2664	3
6007	2683	4
6007	2793	2
6007	3073	4
6007	3527	3
6008	1198	4
6008	1912	2
6008	3527	3
6010	34	4
6010	316	4
6010	912	5
6010	1127	4
6010	1198	5
6010	1201	4
6010	1213	4
6010	1225	4
6010	1294	5
6010	1370	4
6010	1373	4
6010	1466	4
6010	1479	5
6010	1499	2
6010	1580	4
6010	1960	4
6010	2003	2
6010	2371	5
6010	2402	4
6010	2405	4
6010	2407	4
6010	2409	3
6010	2421	3
6010	2478	4
6010	2539	5
6010	2826	4
6010	3087	4
6010	3359	4
6010	3360	4
6010	3438	4
6010	3448	4
6010	3527	4
6026	1198	4
6026	1225	5
6026	1246	4
6026	1580	3
6026	2010	3
6026	2021	1
6026	2407	5
6026	2662	3
6026	2683	4
6026	3527	2
6034	1267	5
6034	2726	5
6034	3435	4
6037	34	3
6037	912	4
6037	916	3
6037	1127	4
6037	1213	3
6037	1225	5
6037	1267	5
6037	1294	5
6037	1949	3
6037	2010	3
6037	2118	4
6037	2178	4
6037	2407	3
6037	2439	3
6037	2501	4
6037	2662	5
6037	3359	4
6037	3424	3
